SampleID,rphB,OXA-237,OXY-3-1,EreA,cmlv,rphA,FosM1,lin,IMP-37,OXA-1243,CfxA5,SHV-122,CMY-89,CGA-1,ASU1-1,BUT-1,OXA-1091,CIA-1,OXA-245,vatC,tet(50),CAE-1,FOX-18,Streptomyces venezuelae rox,WUS-1,vatF,FosX,OXA-1108,RAHN-5,OXA-959,LRA-9,OXA-1206,SSA,OXA-22,vgbC,PRC-1,CHM-1,RAA-1,AAC(3)-Id,ADC-355,catB9,LMB-1,nimF,FAR-1,OXA-53,OXA-1106,OXA-1051,PDC-89,FosBx1,aadA25,CMY-192,LRA-13,tet(X4),APH(6)-Id,Clostridioides difficile nimB,PER-1,KPC-30,SHV-173,FomB,OXA-1056,EBR-2,ANT(6)-Ia,AAC(3)-Ib,aadA2,APH(7'')-Ia,IMP-21,BRO-2,ANT(3'')-II-AAC(6')-IId bifunctional protein,vph,APH(2'')-If,DIM-1,RCP-1,IDC-1,CMY-144,MexA,MexK,smeD,lmrB,amrA,opmE,OprM,MexB,cmeB,MuxB,patB,TaeA,OprN,AcrF,mlaF,tetB(46),mexN,tet(L),mdsB,LptD,adeK,mdtC,mdsC,mexY,tetA(46),rosB,patA,MexD,LpeB,cprR,cmlA8,fexB,smeE,abeM,qacA,smeC,RanA,adeB,Enterococcus faecium liaR mutant conferring daptomycin resistance,tet(42),Neisseria gonorrhoeae mtrR with mutation conferring resistance,mtrD,msbA,oqxB,TriC,MexE,MuxC,lmrD,oleC,ceoB,adeJ,pexA,MexI,bmr,cdeA,macB,basR,efrB,Acinetobacter baumannii AbaF,kdpE,acrB,tet(K),qacE,TriB,hmrM,MexW,mdtF,tet(39),bcrA,tetA(58),mreA,YojI,cmlA9,mdtB,tet(40),tetB(58),kdpD,novA,MexF,cmx,rosA,tet(33),mtrC,mexQ,tetA(60),mdtM,MexV,basS,Escherichia coli emrE,efpA,mexM,tet(65),smeB,farB,adeF,Enterococcus faecalis liaS mutant conferring daptomycin resistance,smeF,mdtO,tetB(60),Staphylococcus aureus LmrS,PmpM,QepA4,OpmH,tet(C),OpmD,otr(B),tet(41),Escherichia coli mdfA,mdtH,Staphylococcus aureus norA,amrB,mexP,MuxA,emrA,adeC,emrY,sdrM,hp1181,tet(H),qacL,qacJ,mdsA,Enterobacter cloacae acrA,cmeC,Pseudomonas aeruginosa emrE,oqxA,OprA,adeA,farA,Neisseria gonorrhoeae mtrC with mutation conferring resistance to azithromycin,Enterococcus faecium liaF mutant conferring daptomycin resistance,LpeA,adeH,tet(57),RanB,tet(43),cmeA,mdtE,cprS,cmrA,cmlB,Rhodococcus fascians cmr,TolC,mdtN,Enterococcus faecalis liaR mutant conferring daptomycin resistance,emrB,bcrB,tetA(P),otr(C),smeA,tcr3,mef(E),blt,qacEdelta1,tet(Y),MdtK,cmlB1,OpmB,Klebsiella pneumoniae KpnE,ykkC,mdtA,MexJ,adeG,tet(E),MexH,opcM,adeI,tet(63),AcrE,mexX,mtrE,TriA,mlaD,emeA,tet(B),tet(V),OprJ,macA,Klebsiella pneumoniae acrA,emrK,efmA,mef(B),Acinetobacter baumannii AbaQ,ykkD,mef(D),cmlA4,mdtG,Enterococcus faecium liaS mutant conferring daptomycin resistance,YajC,mef(F),Acinetobacter baumannii AmvA,tet(30),mdtP,MexG,tet(45),pmrA,tet(D),qacB,mef(C),cmlA5,MexC,bcr-1,lfrA,lmrP,tet(62),facT,floR,tet(31),aadT,Mef(En2),tet(J),tap,Streptomyces lividans cmlR,tet(59),pp-flo,qacH,tet(Z),tet(G),Klebsiella pneumoniae KpnF,Escherichia coli acrA,fexA,Salmonella enterica cmlA,ceoA,cmlA1,mef(J),QepA2,mef(H),cmlA6
ERR11181229 ,-2.887455437,-1.911767871,-1.911767871,1.584739691,-2.887455437,-2.887455437,-2.887455437,-2.887455437,-2.887455437,3.247287428,2.405720243,-2.887455437,-2.887455437,-2.887455437,-2.887455437,-2.887455437,-2.887455437,-2.887455437,-1.911767871,-2.887455437,-2.887455437,-2.887455437,-1.21862069,-2.887455437,-2.887455437,-2.887455437,-2.887455437,1.179274583,-2.887455437,-1.21862069,-2.887455437,-2.887455437,-2.887455437,-2.887455437,-2.887455437,-2.887455437,-2.887455437,-2.887455437,-2.887455437,-2.887455437,-2.887455437,-2.887455437,-2.887455437,-2.887455437,-2.887455437,-2.887455437,-2.887455437,-2.887455437,-2.887455437,2.900416485,-2.887455437,-2.887455437,0.034142278,2.322338634,-2.887455437,0.285456706,-2.887455437,-2.887455437,-2.887455437,-2.887455437,-2.887455437,-2.887455437,-2.887455437,1.455527959,-2.887455437,-2.887455437,-2.887455437,1.95943314,-2.887455437,-2.887455437,-2.887455437,-0.52547351,-2.887455437,-2.887455437,-2.887455437,0.486127402,-1.21862069,-2.887455437,-2.887455437,-2.887455437,-2.887455437,0.727289459,-2.887455437,-0.813155582,-2.887455437,-2.887455437,-2.887455437,-0.813155582,-2.887455437,-1.21862069,-2.887455437,-2.887455437,-2.887455437,-1.911767871,-2.887455437,0.167673671,-2.887455437,-1.911767871,-2.887455437,-2.887455437,-2.887455437,0.034142278,-2.887455437,-2.887455437,-2.887455437,-2.887455437,-0.302329958,-2.887455437,-2.887455437,-2.887455437,-2.887455437,-2.887455437,-2.887455437,-2.887455437,-2.887455437,-2.887455437,-0.120008402,-1.21862069,-1.21862069,-2.887455437,-2.887455437,-2.887455437,-2.887455437,-2.887455437,-0.813155582,-2.887455437,-2.887455437,-2.887455437,-2.887455437,-2.887455437,-2.887455437,-2.887455437,-2.887455437,-2.887455437,0.034142278,-2.887455437,-1.21862069,-2.887455437,-2.887455437,0.486127402,-0.52547351,2.530883386,-2.887455437,-2.887455437,-2.887455437,-1.21862069,0.285456706,0.390817222,-0.52547351,-2.887455437,-2.887455437,-2.887455437,1.894894619,-0.813155582,-2.887455437,-2.887455437,-2.887455437,-2.887455437,-2.887455437,-2.887455437,-2.887455437,-2.887455437,-0.813155582,-2.887455437,-2.887455437,-2.887455437,-2.887455437,-2.887455437,-2.887455437,-2.887455437,-2.887455437,0.390817222,-2.887455437,-2.887455437,-2.887455437,-2.887455437,-1.21862069,3.058045429,-2.887455437,-2.887455437,-2.887455437,-0.52547351,-2.887455437,-2.887455437,-2.887455437,-2.887455437,-2.887455437,-2.887455437,-2.887455437,-2.887455437,-2.887455437,-2.887455437,-2.887455437,1.223726345,-2.887455437,-2.887455437,-2.887455437,-2.887455437,-2.887455437,-2.887455437,-2.887455437,-2.887455437,-2.887455437,-2.887455437,-2.887455437,-2.887455437,-2.887455437,-2.887455437,-2.887455437,-2.887455437,-2.887455437,-2.887455437,-2.887455437,-2.887455437,-0.52547351,-2.887455437,-1.21862069,-2.887455437,-2.887455437,-2.887455437,-2.887455437,-1.911767871,-2.887455437,-2.887455437,-2.887455437,-2.887455437,-2.887455437,2.247115213,-0.302329958,-2.887455437,-1.21862069,-2.887455437,-2.887455437,-2.887455437,-2.887455437,-2.887455437,-2.887455437,1.132754567,-2.887455437,-2.887455437,-2.887455437,-2.887455437,-0.120008402,-2.887455437,-2.887455437,-2.887455437,-2.887455437,-2.887455437,-1.21862069,-2.887455437,-2.887455437,-2.887455437,-2.887455437,-2.887455437,-2.887455437,1.916873526,-2.887455437,-2.887455437,-2.887455437,-2.887455437,-2.887455437,-2.887455437,-2.887455437,-2.887455437,-2.887455437,-2.887455437,-2.887455437,-2.887455437,-2.887455437,-2.887455437,-2.887455437,-2.887455437,1.384068995,0.167673671,-2.887455437,-2.887455437,-2.887455437,-2.887455437,-2.887455437,-2.887455437,-2.887455437,-2.887455437,-2.887455437,2.000255135,-2.887455437,-2.887455437,-2.887455437,-2.887455437,-2.887455437,-2.887455437,-2.887455437,-1.21862069,-2.887455437,-0.52547351,-2.887455437,-0.813155582,-2.887455437,-1.21862069,-2.887455437,-2.887455437,-2.887455437,-0.52547351
ERR11181230 ,-2.887455437,0.455761506,-2.887455437,0.168079434,-2.887455437,-2.887455437,-2.887455437,-2.887455437,-2.887455437,0.455761506,-2.887455437,-2.887455437,-2.887455437,-2.887455437,-2.887455437,-2.887455437,-2.887455437,-2.887455437,-2.887455437,-2.887455437,-2.887455437,-2.887455437,0.168079434,-2.887455437,-2.887455437,-2.887455437,-2.887455437,-2.887455437,-2.887455437,0.168079434,-2.887455437,-2.887455437,-2.887455437,-2.887455437,-2.887455437,-2.887455437,-2.887455437,-2.887455437,-2.887455437,-2.887455437,-2.887455437,-2.887455437,-2.887455437,-2.887455437,-2.887455437,-2.887455437,-2.887455437,-2.887455437,-2.887455437,0.678905057,-2.887455437,-2.887455437,-2.887455437,0.455761506,-2.887455437,-0.930532855,-2.887455437,-2.887455437,-2.887455437,-2.887455437,-2.887455437,-2.887455437,-2.887455437,-2.887455437,-2.887455437,-2.887455437,-2.887455437,-0.237385674,-2.887455437,-2.887455437,-2.887455437,-2.887455437,-2.887455437,-2.887455437,-2.887455437,0.861226614,-2.887455437,-2.887455437,-2.887455437,-2.887455437,-2.887455437,-2.887455437,-2.887455437,0.678905057,-2.887455437,-2.887455437,-2.887455437,-2.887455437,-2.887455437,-2.887455437,-2.887455437,-2.887455437,-2.887455437,-2.887455437,-2.887455437,-2.887455437,-2.887455437,-2.887455437,-2.887455437,-2.887455437,-2.887455437,-2.887455437,-2.887455437,-2.887455437,-2.887455437,-2.887455437,-2.887455437,-2.887455437,-2.887455437,-2.887455437,-2.887455437,-2.887455437,-2.887455437,-2.887455437,-2.887455437,-2.887455437,-2.887455437,-0.930532855,-2.887455437,-2.887455437,-0.237385674,-2.887455437,-2.887455437,-2.887455437,-2.887455437,-2.887455437,-2.887455437,-2.887455437,-2.887455437,-2.887455437,-2.887455437,-2.887455437,-2.887455437,-2.887455437,-2.887455437,-2.887455437,-2.887455437,-2.887455437,-2.887455437,0.678905057,-2.887455437,-2.887455437,-2.887455437,-2.887455437,-2.887455437,-2.887455437,-2.887455437,-2.887455437,-2.887455437,-2.887455437,-2.887455437,-2.887455437,0.678905057,-2.887455437,-2.887455437,-2.887455437,-2.887455437,-2.887455437,-2.887455437,-2.887455437,-2.887455437,-2.887455437,-2.887455437,-2.887455437,-2.887455437,-2.887455437,-2.887455437,-2.887455437,-2.887455437,-2.887455437,-2.887455437,-2.887455437,-2.887455437,-2.887455437,-2.887455437,-2.887455437,-2.887455437,0.678905057,-2.887455437,-2.887455437,-2.887455437,-2.887455437,-2.887455437,-2.887455437,-2.887455437,-2.887455437,-2.887455437,-2.887455437,-2.887455437,-2.887455437,-2.887455437,-2.887455437,-2.887455437,-0.930532855,-2.887455437,-2.887455437,-2.887455437,-2.887455437,-2.887455437,-2.887455437,-2.887455437,-2.887455437,-2.887455437,-2.887455437,-2.887455437,-2.887455437,-2.887455437,-2.887455437,-2.887455437,-2.887455437,-2.887455437,-2.887455437,-2.887455437,-2.887455437,-2.887455437,-2.887455437,-2.887455437,-2.887455437,-2.887455437,-0.930532855,-2.887455437,-0.930532855,-2.887455437,-2.887455437,-2.887455437,-2.887455437,-2.887455437,-0.237385674,-2.887455437,-2.887455437,-2.887455437,-2.887455437,-2.887455437,-2.887455437,-2.887455437,-2.887455437,-2.887455437,-2.887455437,-2.887455437,-2.887455437,-2.887455437,-2.887455437,-2.887455437,-2.887455437,-2.887455437,-2.887455437,-2.887455437,-2.887455437,-2.887455437,-2.887455437,-2.887455437,-2.887455437,-2.887455437,-2.887455437,-2.887455437,-2.887455437,-2.887455437,-2.887455437,-2.887455437,-2.887455437,-2.887455437,-2.887455437,-2.887455437,-2.887455437,-2.887455437,-2.887455437,-2.887455437,-2.887455437,-2.887455437,-2.887455437,-2.887455437,-2.887455437,0.168079434,-0.930532855,-2.887455437,-2.887455437,-2.887455437,-2.887455437,-2.887455437,-2.887455437,-2.887455437,-2.887455437,-2.887455437,-2.887455437,-2.887455437,-2.887455437,-2.887455437,-2.887455437,-2.887455437,-2.887455437,-2.887455437,-2.887455437,-2.887455437,-2.887455437,-2.887455437,-2.887455437,-2.887455437,-2.887455437,-2.887455437,-2.887455437,-2.887455437,-2.887455437
ERR11181231 ,-2.887455437,-1.390082555,-2.887455437,1.135646089,-2.887455437,-2.887455437,-2.887455437,-2.887455437,-2.887455437,2.720791309,1.905754311,-2.887455437,-1.390082555,-2.887455437,-2.887455437,-2.887455437,-2.887455437,-2.887455437,-2.083229736,-2.887455437,-2.887455437,-2.887455437,0.555827594,-2.887455437,-2.887455437,-2.887455437,-2.887455437,-0.696935375,-2.887455437,0.689358986,-2.887455437,-2.887455437,-2.887455437,-2.887455437,-2.887455437,-2.887455437,-2.887455437,-2.887455437,-2.887455437,-2.887455437,-2.887455437,-2.887455437,-2.887455437,-2.887455437,-0.291470267,-2.887455437,-2.887455437,-2.887455437,-2.887455437,3.158517279,-2.083229736,-2.887455437,0.113994841,2.589599098,-2.887455437,0.314665537,-0.696935375,-2.887455437,-2.887455437,-2.887455437,-2.887455437,-0.696935375,-2.887455437,2.05990499,-2.887455437,-2.887455437,-2.887455437,2.670360455,-2.887455437,-2.887455437,-2.887455437,0.624820465,-2.887455437,-1.390082555,-2.887455437,0.624820465,-2.887455437,-2.887455437,-2.887455437,-2.887455437,-1.390082555,0.219355357,-2.887455437,-2.887455437,-2.887455437,-2.887455437,-2.887455437,0.861209243,-1.390082555,-2.887455437,-2.887455437,-1.390082555,-2.887455437,-1.390082555,-2.887455437,-0.003788194,-2.887455437,-2.887455437,-2.887455437,-2.887455437,-2.887455437,-0.003788194,-2.887455437,-2.887455437,-2.887455437,-2.887455437,-0.984617447,-2.887455437,-2.887455437,-2.887455437,-2.887455437,-2.887455437,-2.887455437,-2.887455437,-2.887455437,-2.887455437,-0.696935375,-2.083229736,-2.887455437,-0.696935375,-2.887455437,-2.887455437,-2.887455437,-2.887455437,-0.984617447,-2.887455437,-2.887455437,-2.887455437,-2.887455437,-2.887455437,-2.887455437,-2.887455437,-2.887455437,-1.390082555,0.624820465,-2.887455437,-0.984617447,-2.887455437,-2.887455437,0.749983608,0.555827594,3.763209039,-2.887455437,-2.887455437,-2.887455437,-0.003788194,-2.083229736,0.314665537,0.314665537,-2.887455437,-2.887455437,-2.887455437,1.58033191,-2.887455437,-2.887455437,-2.887455437,-2.887455437,-2.887455437,-2.887455437,-2.887455437,-2.887455437,-1.390082555,-2.887455437,-2.887455437,-2.887455437,-2.887455437,-2.887455437,-2.887455437,-2.887455437,-2.887455437,-2.887455437,-0.473791824,-2.887455437,-2.887455437,-2.887455437,-2.887455437,-2.083229736,3.301265327,-2.887455437,-2.887455437,-2.887455437,-0.291470267,-1.390082555,-2.887455437,-2.887455437,-2.887455437,-2.887455437,-0.984617447,-2.887455437,-0.696935375,-2.887455437,-2.887455437,1.350757468,0.961292702,-2.887455437,-2.887455437,-2.887455437,-2.887455437,-2.887455437,-2.083229736,-2.887455437,-2.887455437,-2.887455437,-2.887455437,-2.887455437,-2.887455437,-2.887455437,-2.887455437,-2.887455437,-2.887455437,-2.887455437,-2.083229736,-2.887455437,-2.887455437,-2.887455437,-2.887455437,0.219355357,-0.984617447,-2.887455437,-2.887455437,-2.887455437,-2.887455437,-2.887455437,-2.887455437,-2.887455437,-2.887455437,-2.887455437,2.35942152,-0.291470267,-2.887455437,-2.887455437,-2.887455437,-2.887455437,-2.887455437,-0.696935375,-2.887455437,-2.887455437,2.449369757,-2.887455437,-2.887455437,-2.887455437,-2.887455437,-0.696935375,-2.887455437,-2.887455437,-2.887455437,-2.887455437,-2.887455437,-0.696935375,-2.887455437,-2.887455437,-2.887455437,-2.887455437,-2.887455437,-2.887455437,1.700959898,-2.887455437,-2.887455437,-2.887455437,-0.291470267,-1.390082555,-2.887455437,-2.083229736,-2.887455437,-2.887455437,-2.887455437,-0.137319587,-2.887455437,-2.887455437,-2.887455437,-2.887455437,-2.887455437,0.749983608,1.74541166,-2.887455437,-2.887455437,-2.887455437,-2.887455437,-2.887455437,-2.887455437,1.135646089,0.401676914,-2.083229736,1.828793269,-2.887455437,-2.887455437,-2.887455437,-2.887455437,-0.473791824,-2.887455437,-2.887455437,0.219355357,-2.887455437,-1.390082555,-2.887455437,0.219355357,-2.887455437,1.135646089,-2.887455437,-2.887455437,-2.887455437,0.961292702
ERR11181232 ,-2.887455437,-2.887455437,-2.887455437,0.843475226,-2.887455437,-2.887455437,-2.887455437,-2.887455437,-2.887455437,3.118408787,1.846777335,-2.887455437,-0.638129315,-2.887455437,-2.887455437,-2.887455437,-2.887455437,-2.887455437,-0.861272866,-2.887455437,-2.887455437,-2.887455437,0.391490102,-2.887455437,-2.887455437,-2.887455437,-2.887455437,-0.638129315,-2.887455437,1.363350685,-2.887455437,-2.887455437,-2.887455437,-2.887455437,-2.887455437,-2.887455437,-2.887455437,-2.887455437,-2.887455437,-2.887455437,-2.887455437,-2.887455437,-2.247567228,-2.887455437,-0.861272866,-2.887455437,-2.887455437,-2.887455437,-2.887455437,3.0047062,-0.455807758,-2.887455437,-1.554420047,2.627630096,-2.887455437,1.01052931,-2.887455437,-2.887455437,-2.887455437,-2.887455437,-2.887455437,-0.168125686,-2.887455437,1.415994419,-2.887455437,-2.887455437,-2.887455437,3.224703446,-2.887455437,-2.887455437,-2.887455437,-2.887455437,-1.554420047,-2.887455437,-1.554420047,0.391490102,-2.887455437,-2.887455437,-2.887455437,-2.887455437,-2.887455437,1.186419977,-2.887455437,0.237339422,-2.887455437,-2.887455437,-2.887455437,1.084637283,-0.301657079,-2.887455437,-2.887455437,-2.887455437,-2.887455437,-2.247567228,-2.887455437,1.01052931,-2.887455437,-2.887455437,-2.887455437,-2.887455437,-2.887455437,-1.554420047,-2.887455437,-2.887455437,-2.887455437,-2.887455437,-0.638129315,-2.887455437,-2.887455437,-2.887455437,-2.887455437,-2.887455437,-2.887455437,-2.887455437,-2.887455437,-2.887455437,0.150328045,-1.148954939,-0.455807758,-2.247567228,-1.554420047,-2.887455437,-2.887455437,-2.247567228,-0.638129315,-2.887455437,-2.887455437,-2.887455437,-2.887455437,-2.887455437,-2.887455437,-2.887455437,-2.887455437,-1.554420047,0.696871752,-2.887455437,-0.861272866,-2.887455437,-2.887455437,1.084637283,1.119728602,2.736039394,-2.887455437,-2.887455437,-2.887455437,-1.554420047,0.055017865,1.01052931,0.31738213,-2.887455437,-2.887455437,-2.887455437,0.887926988,-0.861272866,-2.887455437,-2.887455437,-2.887455437,-2.887455437,-2.887455437,-1.554420047,-2.887455437,-2.887455437,-2.887455437,-2.887455437,-2.887455437,-2.887455437,-2.247567228,-2.887455437,-2.887455437,-2.887455437,-2.887455437,0.055017865,-2.887455437,-2.887455437,-2.887455437,-2.887455437,-1.148954939,3.476017874,-2.887455437,-2.887455437,-2.887455437,-0.455807758,0.696871752,-2.887455437,-2.887455437,-2.887455437,-2.887455437,0.237339422,-2.887455437,-0.301657079,-2.887455437,-2.887455437,-1.554420047,0.585646116,-2.887455437,-2.887455437,-1.148954939,-2.887455437,-2.887455437,-1.554420047,-2.887455437,-2.887455437,-2.887455437,-2.887455437,-2.887455437,-2.887455437,-2.887455437,-2.887455437,-2.887455437,-2.887455437,-2.887455437,0.150328045,-2.887455437,-2.887455437,-2.887455437,-2.887455437,0.150328045,0.391490102,-2.887455437,0.055017865,-2.887455437,-0.638129315,-2.887455437,-2.887455437,-2.887455437,-2.887455437,-2.887455437,2.686906706,-2.247567228,-2.887455437,-2.887455437,-2.887455437,-2.887455437,-2.887455437,0.150328045,-2.887455437,-2.887455437,3.361904568,-2.887455437,-2.887455437,-2.887455437,-2.887455437,0.460482974,-2.887455437,-2.887455437,-2.887455437,-1.148954939,-2.887455437,-1.554420047,-2.887455437,-2.887455437,-2.887455437,-2.247567228,-0.861272866,-2.887455437,1.559095262,-2.887455437,-2.887455437,-2.887455437,0.150328045,-0.638129315,-2.887455437,-2.887455437,-2.887455437,-2.887455437,-2.887455437,0.055017865,-2.887455437,-2.887455437,-2.887455437,-1.554420047,-2.887455437,0.525021495,2.327143751,-2.887455437,-2.887455437,-2.887455437,-2.887455437,-2.887455437,-2.887455437,-0.861272866,-2.887455437,-2.887455437,1.759765958,-2.887455437,-2.887455437,-2.887455437,-2.887455437,-1.554420047,-2.887455437,-2.887455437,-0.05034265,-2.887455437,0.31738213,-2.887455437,0.31738213,-2.887455437,1.119728602,-2.887455437,-2.887455437,-2.887455437,0.31738213
ERR11181233 ,-2.887455437,-2.887455437,-2.158470041,1.275517164,-2.887455437,-2.887455437,-2.887455437,-2.887455437,-2.887455437,2.858809796,1.555102026,-2.887455437,-1.46532286,-2.887455437,-2.887455437,-2.887455437,-2.887455437,-2.887455437,-0.77217568,-2.887455437,-2.887455437,-2.887455437,0.977024175,-2.887455437,-2.887455437,-2.887455437,-2.887455437,-0.366710571,-2.887455437,0.144115052,-2.887455437,-2.887455437,-2.887455437,-2.887455437,-2.887455437,-2.887455437,-2.887455437,-2.887455437,-2.887455437,-2.887455437,-2.887455437,-2.887455437,-2.887455437,-2.887455437,-2.887455437,-2.887455437,-2.887455437,-2.887455437,-2.887455437,2.831962546,-0.366710571,-2.887455437,0.480587289,2.352389466,-2.887455437,0.038754537,-2.887455437,-2.887455437,-2.887455437,-2.887455437,-2.887455437,-1.46532286,-2.887455437,1.625719593,-2.887455437,-2.887455437,-2.887455437,2.568917778,-2.887455437,-2.887455437,-2.887455437,-2.887455437,-2.887455437,-1.46532286,-2.887455437,-0.079028499,-2.887455437,-2.887455437,-2.887455437,-2.887455437,-2.887455437,0.038754537,-2.887455437,-2.158470041,-2.887455437,-2.887455437,-2.887455437,1.452447872,-0.366710571,-2.887455437,-2.887455437,-2.887455437,-2.887455437,-1.059857752,-2.887455437,-0.366710571,-2.887455437,-2.887455437,-2.887455437,-2.887455437,-2.887455437,-2.887455437,-2.887455437,-2.887455437,-2.887455437,-2.887455437,-0.079028499,-2.887455437,-2.887455437,-2.887455437,-2.887455437,-2.887455437,-2.887455437,-2.887455437,-2.887455437,-2.887455437,0.731901717,0.038754537,-2.887455437,-2.887455437,-2.887455437,-1.46532286,-2.887455437,-2.887455437,-2.887455437,-2.887455437,-2.887455437,-2.887455437,-2.887455437,-2.887455437,-2.887455437,-2.887455437,-2.887455437,-2.887455437,0.614118682,-2.887455437,-0.212559892,-2.887455437,-2.887455437,-1.059857752,-0.079028499,2.825136581,-2.887455437,-2.887455437,-2.887455437,-0.212559892,-0.77217568,0.614118682,0.480587289,-2.887455437,-2.887455437,-2.887455437,0.977024175,-2.887455437,-2.887455437,-2.887455437,-2.887455437,-2.887455437,-2.887455437,-0.366710571,-2.887455437,-2.887455437,-2.158470041,-2.887455437,-2.887455437,-2.887455437,-1.46532286,-2.887455437,-2.887455437,-2.887455437,-2.887455437,0.038754537,-2.887455437,-2.887455437,-2.887455437,-2.887455437,-1.46532286,3.159649953,-2.887455437,-2.887455437,-2.887455437,-0.079028499,-0.212559892,-2.887455437,-2.887455437,-2.887455437,-2.887455437,0.239425232,-2.887455437,-2.158470041,-2.887455437,-2.887455437,2.031184701,1.01958379,-2.887455437,-2.887455437,-2.887455437,-2.887455437,-2.887455437,-0.212559892,-2.887455437,-2.887455437,-2.887455437,-2.887455437,-2.887455437,-2.887455437,-2.887455437,-2.887455437,-2.887455437,-2.887455437,-2.887455437,-0.212559892,-2.887455437,-2.887455437,-2.887455437,-2.887455437,-1.059857752,-1.059857752,-2.887455437,-0.079028499,-2.887455437,-2.887455437,-2.887455437,-2.887455437,-2.887455437,-2.887455437,-2.887455437,2.446700145,-1.059857752,-2.887455437,-2.887455437,-2.887455437,-2.887455437,-2.887455437,-2.158470041,-2.887455437,-2.887455437,2.523661186,-2.887455437,-2.887455437,-2.887455437,-2.887455437,-2.158470041,-2.887455437,-2.887455437,-2.887455437,-1.46532286,-2.887455437,-1.46532286,-2.887455437,-2.887455437,-2.887455437,-1.46532286,-0.079028499,-2.887455437,0.144115052,-2.887455437,-2.887455437,-2.887455437,-0.77217568,-1.46532286,-2.887455437,-2.887455437,-2.887455437,-2.887455437,-2.887455437,0.239425232,-2.887455437,-2.887455437,-2.887455437,-2.887455437,-2.887455437,1.452447872,1.670171356,-2.887455437,-2.887455437,-2.887455437,-2.887455437,-2.887455437,-2.887455437,-0.77217568,-2.887455437,-2.887455437,1.670171356,-2.887455437,-2.887455437,-2.887455437,-2.887455437,-2.158470041,-2.887455437,-2.887455437,-0.77217568,-2.887455437,-0.079028499,-2.887455437,0.038754537,-2.887455437,0.977024175,-2.887455437,-2.887455437,-2.887455437,0.239425232
ERR11181234 ,-2.887455437,0.749581776,-1.924566873,0.749581776,-2.887455437,-2.887455437,-2.887455437,-2.887455437,-2.887455437,2.226473032,1.476630508,-2.887455437,-1.231419693,-2.887455437,-2.887455437,-2.887455437,-2.887455437,-2.887455437,-1.924566873,-2.887455437,-2.887455437,-1.924566873,-1.519101765,-2.887455437,-2.887455437,-2.887455437,-2.887455437,-0.315128961,-2.887455437,0.090336147,-2.887455437,-2.887455437,-2.887455437,-2.887455437,-2.887455437,-1.924566873,-2.887455437,-2.887455437,-2.887455437,-2.887455437,-2.887455437,-2.887455437,-2.887455437,-2.887455437,-2.887455437,-2.887455437,-2.887455437,-2.887455437,-2.887455437,2.506249925,-0.420489477,-2.887455437,0.021343276,2.302266872,-2.887455437,0.993203859,-2.887455437,-2.887455437,-2.887455437,-2.887455437,-2.887455437,-1.924566873,-2.887455437,1.644965823,-2.887455437,-2.887455437,-2.887455437,2.48823142,-2.887455437,-2.887455437,-2.887455437,-2.887455437,-2.887455437,-2.617714054,-2.887455437,1.294308951,-2.887455437,-2.887455437,-2.887455437,-2.887455437,-1.924566873,0.326724925,-2.887455437,-1.008276142,-2.887455437,-2.887455437,-2.887455437,1.672745387,-0.132807404,-2.887455437,-1.924566873,-2.887455437,-2.887455437,-0.825954585,-2.887455437,1.442728957,-2.887455437,-2.887455437,-2.887455437,-2.887455437,-2.887455437,-2.617714054,-2.887455437,-2.887455437,-2.887455437,-2.887455437,-0.315128961,-2.887455437,-2.887455437,-2.887455437,-2.887455437,-2.887455437,-2.887455437,-2.887455437,-2.887455437,-2.887455437,0.783483328,-0.538272512,-0.538272512,-2.887455437,-1.924566873,-2.887455437,-2.887455437,-2.887455437,-0.219818781,-2.887455437,-2.887455437,-2.887455437,-2.887455437,-2.887455437,-2.887455437,-2.887455437,-2.887455437,-0.420489477,2.064417173,-2.887455437,-2.887455437,-2.887455437,-2.887455437,1.119955564,1.882095616,3.558153216,-2.887455437,-2.887455437,-2.887455437,0.272657704,-0.132807404,1.751733798,0.021343276,-2.887455437,-2.887455437,-2.887455437,1.813102745,-0.825954585,-2.887455437,-2.887455437,-2.887455437,-2.617714054,-2.887455437,0.517780162,-2.887455437,-2.887455437,-1.519101765,-2.887455437,-2.887455437,-2.887455437,-2.887455437,-2.887455437,-2.887455437,-2.887455437,-2.887455437,1.314111579,-2.887455437,-2.887455437,-2.887455437,-2.887455437,-0.538272512,3.089396211,-2.887455437,-2.887455437,-2.887455437,0.37801822,0.640382484,-2.887455437,-2.887455437,-2.887455437,-2.887455437,-0.315128961,-2.887455437,0.749581776,-2.887455437,-2.887455437,-1.519101765,0.517780162,-2.887455437,-2.887455437,-2.617714054,-2.887455437,-2.887455437,-1.008276142,-2.887455437,-2.887455437,-2.887455437,-2.887455437,-2.887455437,-2.887455437,-2.887455437,-2.887455437,-2.887455437,-2.887455437,-2.887455437,0.848021849,-2.887455437,-2.887455437,-2.887455437,-2.887455437,0.783483328,0.517780162,-2.887455437,1.119955564,-2.887455437,-2.887455437,-2.887455437,-2.887455437,-2.887455437,-2.887455437,-2.887455437,2.265087869,-1.519101765,-2.887455437,-2.887455437,-1.924566873,-1.924566873,-2.887455437,0.473328399,-2.887455437,-2.887455437,1.35257786,-2.887455437,-2.887455437,-2.887455437,-2.887455437,0.326724925,-2.887455437,-2.887455437,-2.887455437,0.021343276,-2.887455437,-1.008276142,-2.887455437,-2.887455437,-2.887455437,-1.924566873,0.517780162,-2.887455437,-0.825954585,-2.887455437,-2.887455437,-2.887455437,-0.825954585,0.560339776,-2.887455437,-1.231419693,-2.887455437,-2.887455437,-2.887455437,0.878793507,-2.887455437,-2.887455437,-2.887455437,-2.887455437,-2.887455437,1.210927342,1.314111579,-2.887455437,-2.887455437,-2.887455437,-2.887455437,-2.887455437,-2.887455437,-1.519101765,-2.887455437,0.021343276,1.389619131,-2.887455437,-2.887455437,-2.887455437,-2.887455437,-2.887455437,-2.887455437,-2.887455437,-0.052764697,-2.617714054,1.314111579,-2.887455437,-0.219818781,-2.887455437,0.640382484,-2.887455437,-1.924566873,-2.887455437,0.714490456
ERR11181235 ,-2.887455437,0.048612685,-2.887455437,1.09006656,-2.887455437,-2.887455437,-2.887455437,-2.887455437,-2.887455437,2.871973733,2.168876222,-2.887455437,-2.887455437,-2.887455437,-2.887455437,-2.887455437,-2.887455437,-2.887455437,0.821802574,-2.887455437,-2.887455437,-0.356852423,-0.644534495,-2.887455437,-2.887455437,-2.887455437,-2.887455437,-1.049999603,-2.887455437,1.514949754,-2.887455437,-2.887455437,-2.887455437,-2.887455437,-2.887455437,-1.743146784,-2.887455437,-2.887455437,-2.887455437,-1.049999603,-2.887455437,-2.887455437,-2.887455437,-2.887455437,-1.049999603,-2.887455437,-2.887455437,-2.887455437,-2.887455437,3.069037572,-1.743146784,-2.887455437,-0.133708871,2.33439066,-2.887455437,2.128054227,-2.887455437,-2.887455437,-2.887455437,-2.887455437,-2.887455437,-2.887455437,-2.887455437,2.245837263,-2.887455437,-2.887455437,-2.887455437,3.093135123,-2.887455437,-2.887455437,-2.887455437,-1.743146784,-2.887455437,-1.743146784,-2.887455437,1.029441938,-2.887455437,-2.887455437,-2.887455437,-2.887455437,-1.049999603,1.09006656,-2.887455437,-0.356852423,-2.887455437,-2.887455437,-1.049999603,1.25258549,-0.356852423,-2.887455437,-2.887455437,-2.887455437,-2.887455437,-1.049999603,-2.887455437,1.201292195,-2.887455437,-2.887455437,-2.887455437,-2.887455437,-2.887455437,-1.743146784,-2.887455437,-2.887455437,-2.887455437,-2.887455437,0.559438309,-2.887455437,-2.887455437,-2.887455437,-2.887455437,-2.887455437,-2.887455437,-2.887455437,-2.887455437,-2.887455437,0.559438309,-1.049999603,-0.133708871,-2.887455437,0.048612685,-2.887455437,-2.887455437,-2.887455437,-1.743146784,-2.887455437,-1.049999603,-2.887455437,-2.887455437,-2.887455437,-2.887455437,-2.887455437,-2.887455437,0.202763365,0.741759866,-2.887455437,-1.743146784,-2.887455437,-2.887455437,1.624149046,0.654748489,2.675693824,-2.887455437,-2.887455437,-2.887455437,-1.049999603,0.821802574,0.741759866,0.048612685,-2.887455437,-2.887455437,-2.887455437,2.245837263,-1.743146784,-2.887455437,-2.887455437,-2.887455437,-1.743146784,-2.887455437,-1.743146784,-2.887455437,-2.887455437,-2.887455437,-2.887455437,-2.887455437,-2.887455437,-1.743146784,-2.887455437,-2.887455437,-2.887455437,-2.887455437,1.029441938,-2.887455437,-2.887455437,-2.887455437,-2.887455437,-1.049999603,3.386751931,-2.887455437,-2.887455437,-2.887455437,-1.049999603,0.202763365,-2.887455437,-2.887455437,-2.887455437,-2.887455437,-0.133708871,-2.887455437,-0.356852423,-2.887455437,-2.887455437,0.048612685,0.454077793,-2.887455437,-2.887455437,-1.743146784,-2.887455437,-2.887455437,-0.356852423,-2.887455437,-2.887455437,-2.887455437,-2.887455437,-2.887455437,-2.887455437,-2.887455437,-2.887455437,-2.887455437,-2.887455437,-2.887455437,-1.743146784,-2.887455437,-2.887455437,-2.887455437,-2.887455437,0.821802574,0.741759866,-2.887455437,-0.133708871,-2.887455437,-1.743146784,-2.887455437,-2.887455437,-2.887455437,-2.887455437,-2.887455437,2.871973733,-2.887455437,-2.887455437,-1.743146784,-2.887455437,-2.887455437,-2.887455437,-1.743146784,-2.887455437,-2.887455437,2.490959721,-2.887455437,-2.887455437,-2.887455437,-2.887455437,-1.049999603,-2.887455437,-2.887455437,-2.887455437,-1.743146784,-2.887455437,-1.743146784,-2.887455437,-2.887455437,-2.887455437,-0.644534495,-0.644534495,-2.887455437,0.454077793,-2.887455437,-2.887455437,-2.887455437,0.336294758,0.336294758,-2.887455437,-1.743146784,-2.887455437,-2.887455437,-2.887455437,0.048612685,-2.887455437,-2.887455437,-2.887455437,-0.356852423,-2.887455437,1.434907046,1.840372155,-2.887455437,-2.887455437,-2.887455437,-2.887455437,-2.887455437,-2.887455437,-1.049999603,-2.887455437,-1.743146784,1.624149046,-2.887455437,-2.887455437,-2.887455437,-2.887455437,-1.743146784,-2.887455437,-1.743146784,-1.743146784,-2.887455437,-0.356852423,-2.887455437,0.454077793,-2.887455437,1.589057726,-2.887455437,-2.887455437,-2.887455437,1.658050598
ERR11181236 ,-2.887455437,0.034963066,-2.887455437,0.97594641,-2.887455437,-2.887455437,-2.887455437,-2.887455437,-2.887455437,2.466381031,0.306896782,-2.887455437,-0.791715507,-2.887455437,-2.887455437,-2.887455437,-2.887455437,-2.887455437,-2.887455437,-2.887455437,-2.887455437,0.152746102,-1.351331295,-2.887455437,-2.887455437,-2.887455437,-2.887455437,-2.887455437,-2.044478476,0.353416797,-2.887455437,-2.887455437,-2.887455437,-2.887455437,-2.887455437,-2.887455437,-2.887455437,-2.887455437,-2.887455437,-2.887455437,-2.887455437,-2.887455437,-2.887455437,-2.887455437,-2.044478476,-2.887455437,-2.887455437,-2.887455437,-2.887455437,2.380368156,0.034963066,-2.887455437,-1.351331295,2.678474746,-2.887455437,-2.737625656,-2.887455437,-2.887455437,-2.887455437,-2.887455437,-2.044478476,-2.737625656,-2.887455437,1.174397349,-2.887455437,-2.887455437,-2.887455437,2.232187643,-2.887455437,-2.887455437,-2.887455437,-2.887455437,-2.887455437,-1.351331295,-2.887455437,-1.351331295,-1.639013368,-2.887455437,-2.887455437,-2.887455437,-2.887455437,-0.252719006,-2.887455437,-1.128187744,-2.887455437,-2.887455437,-2.887455437,1.739711158,0.788734868,-2.887455437,-2.887455437,-2.887455437,-2.887455437,-0.791715507,-1.351331295,1.593107684,-2.887455437,-0.658184115,-2.887455437,-2.887455437,-2.887455437,-2.887455437,-2.887455437,-2.887455437,-2.887455437,-2.887455437,-0.172676299,-2.887455437,-2.887455437,-2.887455437,-2.887455437,-2.887455437,-2.887455437,-2.887455437,-2.887455437,-2.887455437,1.133575355,0.663571725,-0.945866187,-2.887455437,-2.044478476,-2.887455437,-2.887455437,-2.887455437,0.758881905,-2.887455437,-1.351331295,-2.887455437,-2.887455437,-2.887455437,-2.887455437,-2.887455437,-2.887455437,0.258106617,2.152723472,-2.887455437,-1.639013368,-2.887455437,-2.887455437,-0.658184115,1.579862457,3.456779735,-2.887455437,-2.887455437,-2.887455437,0.873292256,0.152746102,1.525054221,-0.252719006,-2.887455437,-2.887455437,-2.887455437,0.55821121,-1.128187744,-2.887455437,-2.887455437,-2.887455437,-2.887455437,-2.887455437,0.440428174,-2.887455437,-2.887455437,-2.887455437,-2.887455437,-2.887455437,-2.887455437,-2.887455437,-2.887455437,-2.887455437,-2.887455437,-0.945866187,0.92593599,-2.887455437,-2.887455437,-2.887455437,-2.887455437,-1.639013368,2.717695459,-2.887455437,-2.887455437,-2.887455437,0.728110247,0.481250169,-2.887455437,-2.887455437,-2.887455437,-2.887455437,0.899960504,-2.887455437,1.133575355,-2.887455437,-2.887455437,-2.887455437,0.353416797,-2.887455437,-2.887455437,-0.791715507,-2.887455437,-2.887455437,-0.252719006,-2.887455437,-2.887455437,-2.887455437,-2.887455437,-2.887455437,-2.887455437,-2.887455437,-2.887455437,-2.887455437,-2.887455437,-2.887455437,0.594578854,-2.887455437,-2.887455437,-2.887455437,-2.887455437,0.55821121,0.594578854,-2.887455437,1.09101574,-2.887455437,-2.887455437,-2.887455437,-2.887455437,-2.887455437,-2.887455437,-2.887455437,2.066395389,-2.887455437,-2.737625656,-2.044478476,-2.887455437,-2.887455437,-2.887455437,-0.339730383,-2.887455437,-2.887455437,1.980873215,-2.887455437,-2.887455437,-2.887455437,-2.887455437,0.696361548,-2.887455437,-2.887455437,-2.887455437,-0.791715507,-2.887455437,-0.172676299,-2.887455437,-2.887455437,-2.887455437,-2.887455437,0.440428174,-2.887455437,-1.639013368,-2.887455437,-2.887455437,-2.887455437,-0.791715507,0.39786856,-2.887455437,-2.887455437,-2.887455437,-2.887455437,-2.887455437,0.353416797,-2.887455437,-2.887455437,-2.887455437,-2.044478476,-2.887455437,0.873292256,0.696361548,-2.887455437,-2.887455437,-2.887455437,-2.887455437,-2.887455437,-2.887455437,-0.172676299,-0.791715507,-1.351331295,-0.435040563,-2.887455437,-2.887455437,-2.887455437,-2.887455437,-0.098568327,-2.887455437,-2.887455437,0.034963066,-2.887455437,0.788734868,-2.887455437,-0.791715507,-2.887455437,0.258106617,-2.887455437,-2.887455437,-2.887455437,0.520470882
ERR11181237 ,-2.887455437,-0.39873559,-2.478177132,0.294411591,-2.887455437,-2.887455437,-2.887455437,-2.887455437,-2.887455437,3.167269766,0.412194626,-2.887455437,-2.887455437,-2.887455437,-2.887455437,-2.887455437,-2.887455437,-2.887455437,0.657317084,-2.887455437,-2.887455437,-1.091882771,-0.175592039,-2.887455437,-2.887455437,-2.887455437,-2.887455437,-0.39873559,-2.887455437,0.92302025,-2.887455437,-2.887455437,-2.887455437,-2.887455437,-2.887455437,-1.091882771,-2.887455437,-2.887455437,-2.887455437,-2.887455437,-2.887455437,-2.887455437,-1.379564843,-2.887455437,-1.785029951,-2.887455437,-2.887455437,-2.887455437,-2.887455437,3.427184716,-0.280952554,-2.887455437,-0.686417662,2.621689296,-2.887455437,1.159409028,-2.887455437,-2.887455437,-2.887455437,-2.887455437,-2.887455437,-1.785029951,-2.887455437,2.491636168,-2.887455437,-2.887455437,-2.887455437,2.849699037,-2.887455437,-2.887455437,-2.887455437,-1.091882771,-2.887455437,-2.887455437,-2.887455437,1.510806915,-2.478177132,-2.887455437,-2.887455437,-2.887455437,-1.785029951,1.987730987,-2.887455437,0.566345306,-2.887455437,-2.887455437,-2.887455437,0.779919406,-0.39873559,-2.887455437,-2.887455437,-2.887455437,-2.887455437,-0.686417662,-2.887455437,0.779919406,-2.887455437,-2.887455437,-2.887455437,-2.887455437,-2.887455437,-1.785029951,-2.887455437,-2.887455437,-0.868739219,-2.887455437,-0.532266983,-2.887455437,-2.887455437,-2.887455437,-2.887455437,-2.887455437,-2.887455437,-2.887455437,-2.887455437,-2.887455437,0.92302025,-0.175592039,-0.686417662,-2.478177132,-0.532266983,-2.887455437,-2.887455437,-2.887455437,0.160880198,-2.887455437,-1.091882771,-2.887455437,-2.887455437,-2.887455437,-2.887455437,-2.887455437,-2.887455437,-0.39873559,1.048183393,-2.887455437,-1.785029951,-2.887455437,-2.887455437,1.159409028,1.71147761,2.539102705,-2.887455437,-2.887455437,-2.887455437,0.086772226,-1.091882771,1.159409028,-1.091882771,-2.887455437,-2.887455437,-2.887455437,2.784513057,-2.887455437,-2.887455437,-2.887455437,-2.887455437,-2.887455437,-2.887455437,-0.39873559,-2.887455437,-2.887455437,-2.887455437,-2.887455437,-2.887455437,-2.887455437,-2.478177132,-2.887455437,-2.887455437,-2.887455437,-2.887455437,1.07717093,-2.887455437,-2.887455437,-1.785029951,-2.887455437,-0.280952554,3.438024931,-2.887455437,-2.887455437,-2.887455437,0.086772226,-0.175592039,-2.887455437,-2.887455437,-2.887455437,-2.887455437,-0.532266983,-2.887455437,0.566345306,-2.887455437,-2.887455437,-2.887455437,0.086772226,-2.887455437,-2.887455437,-2.887455437,-2.887455437,-2.887455437,-2.887455437,-2.887455437,-2.887455437,-2.887455437,-2.887455437,-2.887455437,-2.887455437,-2.887455437,-2.887455437,-2.887455437,-2.887455437,-2.887455437,-0.175592039,-2.887455437,-2.887455437,-2.887455437,-2.887455437,0.612865322,-0.080281859,-2.887455437,0.566345306,-2.887455437,-2.887455437,-2.887455437,-2.887455437,-2.887455437,-2.887455437,-2.887455437,2.977143984,-1.785029951,-2.887455437,-1.785029951,-2.478177132,-2.887455437,-2.887455437,0.229873069,-2.887455437,-2.887455437,1.696210138,-2.887455437,-2.887455437,-2.887455437,-2.887455437,0.160880198,-2.887455437,-2.887455437,-2.887455437,-1.785029951,-2.887455437,-2.478177132,-2.887455437,-2.887455437,-2.887455437,-2.887455437,0.294411591,-2.887455437,-1.785029951,-2.887455437,-2.887455437,-2.887455437,1.350464265,0.294411591,-2.887455437,-2.887455437,-2.887455437,-2.887455437,-2.887455437,0.086772226,-2.887455437,-2.887455437,-2.887455437,-0.686417662,-2.887455437,1.01833043,2.532458162,-1.785029951,-2.887455437,-2.887455437,-2.887455437,-2.887455437,-2.887455437,-1.379564843,-2.887455437,-2.478177132,0.294411591,-2.887455437,-2.887455437,-2.887455437,-2.887455437,-2.887455437,-2.887455437,-2.887455437,-0.080281859,-2.478177132,0.006729518,-2.887455437,1.473066587,-2.887455437,1.839310982,-2.887455437,-2.887455437,-2.887455437,1.510806915
ERR11181238 ,-2.887455437,-2.887455437,-2.887455437,1.091402538,-2.887455437,-2.887455437,-2.887455437,-2.887455437,-2.887455437,2.922077424,1.448077482,-2.887455437,-2.887455437,-2.887455437,-2.887455437,-2.887455437,-2.887455437,-2.887455437,-0.854507611,-2.887455437,-2.887455437,-1.259972719,0.244104678,-2.887455437,-2.887455437,-2.887455437,-2.887455437,-1.953119899,-2.887455437,0.126321642,-2.887455437,-2.887455437,-2.887455437,-2.887455437,-2.887455437,-0.16136043,-2.887455437,-2.887455437,-2.887455437,-2.887455437,-2.887455437,-2.887455437,-2.887455437,-2.887455437,-2.887455437,-2.887455437,-2.887455437,-2.887455437,-2.887455437,2.700840451,-0.854507611,-2.887455437,-0.16136043,2.22126737,-2.887455437,1.182374316,-0.854507611,-2.887455437,-2.887455437,-2.887455437,-2.887455437,-1.953119899,-2.887455437,1.414175931,-2.887455437,-2.887455437,-2.887455437,2.337339542,-2.887455437,-2.887455437,-2.887455437,0.53178675,-2.887455437,-2.887455437,-2.887455437,0.880093445,-2.887455437,-2.887455437,-2.887455437,-2.887455437,-2.887455437,0.244104678,-2.887455437,0.126321642,-2.887455437,-2.887455437,-2.887455437,-0.343681987,-2.887455437,-2.887455437,-2.887455437,-1.953119899,-2.887455437,-2.887455437,-2.887455437,-0.16136043,-2.887455437,-2.887455437,-2.887455437,-2.887455437,-2.887455437,-0.00720975,-2.887455437,-2.887455437,-2.887455437,-2.887455437,-0.854507611,-2.887455437,-2.887455437,-2.887455437,-2.887455437,-2.887455437,-2.887455437,-2.887455437,-2.887455437,-2.887455437,-2.887455437,-2.887455437,-2.887455437,-2.887455437,-1.953119899,-2.887455437,-2.887455437,-0.854507611,-2.887455437,-2.887455437,-1.259972719,-2.887455437,-2.887455437,-2.887455437,-2.887455437,-2.887455437,-2.887455437,-2.887455437,-0.16136043,-2.887455437,-1.259972719,-2.887455437,-2.887455437,1.042612374,-0.854507611,1.657798013,-2.887455437,-2.887455437,-2.887455437,-2.887455437,0.53178675,-1.259972719,-0.566825538,-2.887455437,-2.887455437,-2.887455437,1.735759555,-1.953119899,-2.887455437,-2.887455437,-2.887455437,-1.259972719,-2.887455437,-2.887455437,-2.887455437,-2.887455437,-2.887455437,-2.887455437,-2.887455437,-2.887455437,-2.887455437,-2.887455437,-2.887455437,-2.887455437,-2.887455437,-0.566825538,-2.887455437,-2.887455437,-2.887455437,-2.887455437,-2.887455437,3.152825574,-2.887455437,-2.887455437,-2.887455437,-2.887455437,-2.887455437,-2.887455437,-2.887455437,-2.887455437,-2.887455437,-2.887455437,-2.887455437,-0.566825538,-2.887455437,-2.887455437,-1.259972719,0.754930302,-2.887455437,-2.887455437,-1.259972719,-2.887455437,-2.887455437,-2.887455437,-2.887455437,-2.887455437,-2.887455437,-2.887455437,-2.887455437,-2.887455437,-2.887455437,-2.887455437,-2.887455437,-2.887455437,-2.887455437,-1.953119899,-2.887455437,-2.887455437,-1.259972719,-2.887455437,-0.566825538,-2.887455437,-2.887455437,-0.343681987,-2.887455437,-2.887455437,-2.887455437,-2.887455437,-2.887455437,-2.887455437,-2.887455437,2.557739607,-2.887455437,-2.887455437,-2.887455437,-2.887455437,-2.887455437,-2.887455437,-2.887455437,-2.887455437,-2.887455437,1.265755925,-2.887455437,-2.887455437,-2.887455437,-2.887455437,-1.259972719,-2.887455437,-2.887455437,-2.887455437,-0.566825538,-2.887455437,-2.887455437,-2.887455437,-2.887455437,-2.887455437,-2.887455437,-1.259972719,-2.887455437,0.937251858,-2.887455437,-2.887455437,-2.887455437,-0.16136043,-2.887455437,-2.887455437,-1.953119899,-2.887455437,-2.887455437,-2.887455437,-0.566825538,-2.887455437,-2.887455437,-2.887455437,-2.887455437,-2.887455437,1.091402538,1.897027702,-2.887455437,-2.887455437,-2.887455437,-2.887455437,-2.887455437,-2.887455437,-0.343681987,-2.887455437,-2.887455437,1.091402538,-2.887455437,-2.887455437,-2.887455437,-2.887455437,-2.887455437,-2.887455437,-2.887455437,-0.343681987,-2.887455437,-0.566825538,-2.887455437,0.53178675,-2.887455437,1.224933931,-2.887455437,-2.887455437,-2.887455437,0.611829458
ERR11181239 ,-2.887455437,-2.887455437,-2.887455437,1.018823049,-2.887455437,-2.887455437,-2.887455437,-2.887455437,-2.887455437,2.151921514,-1.23246875,-2.887455437,-2.887455437,-2.887455437,-2.887455437,-2.887455437,-2.887455437,-2.887455437,-2.887455437,-2.887455437,-2.887455437,-2.887455437,-0.539321569,-2.887455437,-2.887455437,-2.887455437,-2.887455437,-2.887455437,-2.887455437,-0.827003642,-2.887455437,-2.887455437,-2.887455437,-2.887455437,-2.887455437,-1.23246875,-2.887455437,-2.887455437,-2.887455437,-2.887455437,-2.887455437,-2.887455437,-2.887455437,-2.887455437,-2.887455437,-2.887455437,-2.887455437,-2.887455437,-2.887455437,2.364843511,-2.887455437,-2.887455437,-2.887455437,2.418189492,-2.887455437,-2.887455437,-2.887455437,-2.887455437,-2.887455437,-2.887455437,-2.887455437,-2.887455437,-2.887455437,1.118906507,-2.887455437,-2.887455437,-2.887455437,0.846972792,-2.887455437,-2.887455437,-2.887455437,-1.23246875,-2.887455437,-2.887455437,-2.887455437,0.639333427,-2.887455437,-2.887455437,-2.887455437,-2.887455437,-2.887455437,1.070116343,-2.887455437,0.559290719,-2.887455437,-2.887455437,-2.887455437,-2.887455437,-2.887455437,-2.887455437,-2.887455437,-2.887455437,-2.887455437,-2.887455437,-2.887455437,-2.887455437,-2.887455437,-2.887455437,-2.887455437,-2.887455437,-2.887455437,-1.92561593,-2.887455437,-2.887455437,-2.887455437,-2.887455437,-1.23246875,-2.887455437,-2.887455437,-2.887455437,-2.887455437,-2.887455437,-2.887455437,-2.887455437,-2.887455437,-2.887455437,-2.887455437,-2.887455437,-2.887455437,-0.827003642,-0.827003642,-2.887455437,-2.887455437,-1.23246875,-2.887455437,-2.887455437,-0.316178018,-2.887455437,-2.887455437,-2.887455437,-2.887455437,-2.887455437,-2.887455437,-2.887455437,-2.887455437,-2.887455437,-2.887455437,-2.887455437,-2.887455437,1.332480608,-2.887455437,1.475581451,-2.887455437,-2.887455437,-2.887455437,-2.887455437,-0.133856461,-2.887455437,-2.887455437,-2.887455437,-2.887455437,-2.887455437,1.711970229,-2.887455437,-2.887455437,-2.887455437,-2.887455437,-2.887455437,-2.887455437,-2.887455437,-2.887455437,-2.887455437,-2.887455437,-2.887455437,-2.887455437,-2.887455437,-0.539321569,-2.887455437,-2.887455437,-2.887455437,-2.887455437,-2.887455437,-2.887455437,-2.887455437,-2.887455437,-2.887455437,-2.887455437,0.846972792,-2.887455437,-2.887455437,-2.887455437,-2.887455437,-2.887455437,-2.887455437,-2.887455437,-2.887455437,-2.887455437,-2.887455437,-2.887455437,-2.887455437,-2.887455437,-2.887455437,-2.887455437,0.846972792,-2.887455437,-2.887455437,-2.887455437,-2.887455437,-2.887455437,-2.887455437,-2.887455437,-2.887455437,-2.887455437,-2.887455437,-2.887455437,-2.887455437,-2.887455437,-1.92561593,-2.887455437,-2.887455437,-2.887455437,-2.887455437,-2.887455437,-2.887455437,-2.887455437,-2.887455437,-2.887455437,-2.887455437,-2.887455437,-1.92561593,-2.887455437,-2.887455437,-2.887455437,-2.887455437,-2.887455437,-2.887455437,-2.887455437,1.540119972,-0.539321569,-2.887455437,-1.23246875,-2.887455437,-2.887455437,-2.887455437,-2.887455437,-2.887455437,-2.887455437,-2.887455437,-2.887455437,-2.887455437,-2.887455437,-2.887455437,-2.887455437,-2.887455437,-2.887455437,-2.887455437,-2.887455437,-2.887455437,-2.887455437,-2.887455437,-2.887455437,-2.887455437,-2.887455437,-2.887455437,-2.887455437,-2.887455437,-2.887455437,-2.887455437,-2.887455437,-2.887455437,-2.887455437,-2.887455437,-2.887455437,-2.887455437,-2.887455437,-2.887455437,-2.887455437,-2.887455437,-2.887455437,-2.887455437,-2.887455437,-2.887455437,0.782434271,-1.23246875,-2.887455437,-2.887455437,-2.887455437,-2.887455437,-2.887455437,-2.887455437,-2.887455437,-2.887455437,-1.23246875,-2.887455437,-2.887455437,-2.887455437,-2.887455437,-2.887455437,-2.887455437,-2.887455437,-2.887455437,-0.539321569,-2.887455437,-2.887455437,-2.887455437,-2.887455437,-2.887455437,-2.887455437,-2.887455437,-2.887455437,-2.887455437,-2.887455437
ERR11181240 ,-2.887455437,-0.914792071,-1.607939251,1.706246754,-2.887455437,-2.887455437,-2.887455437,-2.887455437,-2.887455437,3.055499843,2.435112017,-2.887455437,-2.887455437,-2.887455437,-2.887455437,-2.887455437,-2.887455437,-2.887455437,-1.607939251,-2.887455437,-2.887455437,-2.887455437,-0.22164489,-2.887455437,-2.887455437,-2.887455437,-2.887455437,-0.509326962,-2.887455437,-0.914792071,-2.887455437,-2.887455437,-2.887455437,-2.887455437,-2.887455437,-2.887455437,-2.887455437,-2.887455437,-2.887455437,-2.887455437,-2.887455437,-2.887455437,-1.607939251,-2.887455437,-2.887455437,-2.887455437,-2.887455437,-2.887455437,-2.887455437,2.798779996,-2.301086432,-2.887455437,1.225274093,2.696125842,-2.887455437,-0.509326962,-2.887455437,-2.887455437,-2.887455437,-2.887455437,-2.887455437,-0.355176283,-0.914792071,1.88856831,-2.887455437,-2.887455437,-2.887455437,2.486405311,-2.887455437,-2.887455437,-2.887455437,-2.887455437,-2.301086432,-2.301086432,-2.887455437,0.183820218,-2.887455437,-2.887455437,-2.887455437,-2.887455437,-2.887455437,-2.887455437,-2.887455437,-0.691648519,-2.301086432,-2.887455437,-1.607939251,1.961593445,0.789956022,-1.607939251,-2.887455437,-1.202474143,-2.887455437,-2.887455437,-2.887455437,1.066209398,-2.887455437,-2.887455437,-2.887455437,-2.887455437,-2.887455437,-1.607939251,-2.887455437,-2.887455437,-0.509326962,-2.887455437,0.183820218,-2.887455437,-2.887455437,-2.887455437,-2.887455437,-2.887455437,-2.887455437,-2.887455437,-2.887455437,-2.887455437,0.834407784,-1.202474143,-1.607939251,-2.887455437,-2.887455437,-0.509326962,-2.887455437,-1.607939251,0.471502291,-2.887455437,-1.607939251,-2.887455437,-2.887455437,-2.887455437,-2.887455437,-2.887455437,-2.887455437,0.471502291,1.842048295,-2.887455437,-0.914792071,-2.887455437,-2.887455437,-0.509326962,1.309831481,4.099171014,-2.887455437,-2.887455437,-2.887455437,0.834407784,1.460113684,1.25426163,1.483103202,-2.887455437,-2.887455437,-2.887455437,0.643352547,-1.607939251,-2.887455437,-2.887455437,-2.887455437,-2.887455437,-2.887455437,0.263862926,-2.887455437,-2.887455437,-2.301086432,-2.887455437,-2.887455437,-2.887455437,-2.887455437,-2.887455437,-2.887455437,-2.887455437,-2.887455437,1.336499728,-2.887455437,-2.887455437,-2.887455437,-2.887455437,-1.607939251,2.550943832,-2.887455437,-2.887455437,-2.887455437,0.589285326,0.001498661,-2.887455437,-2.887455437,-2.887455437,-2.887455437,0.589285326,-2.887455437,1.10011095,-2.887455437,-2.887455437,-2.887455437,0.263862926,-2.887455437,-2.887455437,-2.887455437,-2.887455437,-2.887455437,0.263862926,-2.887455437,-2.887455437,-2.887455437,-2.887455437,-2.887455437,-2.887455437,-2.887455437,-2.887455437,-2.887455437,-2.887455437,-2.887455437,0.957010106,-2.887455437,-2.887455437,-2.887455437,-2.887455437,0.337970898,0.743436006,-2.887455437,0.876967399,-2.887455437,-2.887455437,-2.887455437,-2.887455437,-2.887455437,-2.887455437,-2.887455437,2.294033418,-0.914792071,-2.887455437,-2.301086432,-2.887455437,-2.301086432,-2.887455437,0.743436006,-2.887455437,-2.887455437,0.406963769,-2.887455437,-2.887455437,-2.887455437,-2.887455437,0.532126912,-2.887455437,-2.887455437,-2.887455437,-2.301086432,-2.887455437,-1.607939251,-2.887455437,-1.607939251,-2.887455437,-1.202474143,0.337970898,-2.887455437,-2.887455437,-2.887455437,-2.887455437,-2.887455437,-2.887455437,0.471502291,-2.887455437,-2.887455437,-2.887455437,-2.887455437,-2.887455437,0.337970898,-2.887455437,-2.887455437,-2.887455437,-2.301086432,-2.887455437,2.273624547,0.001498661,-2.887455437,-2.887455437,-2.887455437,-2.887455437,-2.887455437,-2.887455437,-0.509326962,-2.887455437,-0.509326962,2.141564825,-2.887455437,-2.887455437,-2.887455437,-2.887455437,-1.607939251,-2.887455437,-2.887455437,1.505576058,-2.301086432,0.694645842,-2.887455437,-0.914792071,-2.887455437,0.471502291,-2.887455437,-2.887455437,-2.887455437,0.183820218
ERR11181241 ,-2.887455437,-2.887455437,-2.887455437,0.817573318,-2.887455437,-2.887455437,-2.887455437,-2.887455437,-2.887455437,2.763483467,1.936804894,-2.887455437,-2.887455437,-2.887455437,-2.887455437,-2.887455437,-2.887455437,-2.887455437,0.347569689,-2.887455437,-2.887455437,-2.887455437,-0.345577492,-2.887455437,-2.887455437,-2.887455437,-2.887455437,-0.856403115,-2.887455437,0.242209173,-2.887455437,-2.887455437,-2.887455437,-2.887455437,-2.887455437,0.124426138,-2.887455437,-2.887455437,-2.887455437,-2.887455437,-2.887455437,-2.887455437,-2.887455437,-2.887455437,-1.955015404,-2.887455437,-2.887455437,-2.887455437,-2.887455437,2.824108089,-2.887455437,-2.887455437,1.478971801,2.588279378,-2.887455437,2.335444037,-2.887455437,-2.887455437,-2.887455437,-2.887455437,-2.887455437,-0.568721043,-2.887455437,2.070336287,-2.887455437,-2.887455437,-1.261868223,2.36247271,-2.887455437,-2.887455437,-2.887455437,0.609933954,-2.887455437,-1.955015404,-2.887455437,1.976810229,-1.955015404,-2.887455437,-2.887455437,-2.887455437,-2.887455437,1.263860421,-2.887455437,0.242209173,-2.887455437,-2.887455437,-2.887455437,0.817573318,-0.568721043,-2.887455437,-2.887455437,-0.568721043,-2.887455437,-2.887455437,-1.261868223,-0.009105255,-2.887455437,-1.261868223,-2.887455437,-2.887455437,-2.887455437,-0.856403115,-2.887455437,-2.887455437,-2.887455437,-2.887455437,1.628503535,-2.887455437,-2.887455437,-0.568721043,-2.887455437,-2.887455437,-2.887455437,-2.887455437,-2.887455437,-2.887455437,-0.163255935,-0.856403115,-1.955015404,-2.887455437,-0.856403115,-2.887455437,-2.887455437,-2.887455437,-1.955015404,-2.887455437,-2.887455437,-2.887455437,-2.887455437,-2.887455437,-2.887455437,-2.887455437,-2.887455437,-1.955015404,0.817573318,-2.887455437,-1.261868223,-2.887455437,-2.887455437,1.04071687,0.609933954,2.414432449,-2.887455437,-2.887455437,-2.887455437,-0.163255935,-1.955015404,0.935356354,0.242209173,-2.887455437,-2.887455437,-2.887455437,2.335444037,-0.856403115,-2.887455437,-2.887455437,-2.887455437,-2.887455437,-2.887455437,-0.568721043,-2.887455437,-2.887455437,-1.955015404,-2.887455437,-2.887455437,-2.887455437,-1.955015404,-2.887455437,-2.887455437,-2.887455437,-2.887455437,0.684041926,-2.887455437,-2.887455437,-2.887455437,-2.887455437,0.242209173,2.736332478,-2.887455437,-2.887455437,-2.887455437,-0.009105255,-0.163255935,-2.887455437,-2.887455437,-2.887455437,-2.887455437,0.529891246,-2.887455437,-0.856403115,-2.887455437,-2.887455437,0.347569689,0.242209173,-2.887455437,-2.887455437,-1.261868223,-2.887455437,-2.887455437,-1.955015404,-2.887455437,-2.887455437,-2.887455437,-2.887455437,-2.887455437,-2.887455437,-2.887455437,-2.887455437,-2.887455437,-2.887455437,-2.887455437,-1.261868223,-2.887455437,-2.887455437,-2.887455437,-2.887455437,-1.955015404,-0.856403115,-2.887455437,-0.856403115,-2.887455437,-2.887455437,-2.887455437,-1.955015404,-2.887455437,-2.887455437,-2.887455437,2.577584089,0.242209173,-2.887455437,-1.955015404,-1.261868223,-2.887455437,-2.887455437,-1.955015404,-2.887455437,-2.887455437,2.865266162,-2.887455437,-2.887455437,-2.887455437,-2.887455437,-0.345577492,-2.887455437,-2.887455437,-2.887455437,-2.887455437,-2.887455437,-1.261868223,-2.887455437,-2.887455437,-2.887455437,-2.887455437,-0.009105255,-2.887455437,-1.261868223,-2.887455437,-2.887455437,-2.887455437,-0.568721043,-2.887455437,-2.887455437,-1.261868223,-2.887455437,-2.887455437,-2.887455437,-1.955015404,-2.887455437,-2.887455437,-2.887455437,-2.887455437,-2.887455437,2.01527651,1.446181978,-2.887455437,-2.887455437,-2.887455437,-2.887455437,-2.887455437,-2.887455437,-0.345577492,-0.568721043,-2.887455437,1.957007601,-2.887455437,-2.887455437,-2.887455437,0.989423575,1.180478812,-2.887455437,-2.887455437,0.442879869,-2.887455437,0.242209173,-2.887455437,0.242209173,-2.887455437,1.089507034,-2.887455437,-2.887455437,-2.887455437,-0.568721043
ERR11181242 ,-2.887455437,-2.887455437,-2.887455437,1.941022707,-2.887455437,-2.887455437,-2.887455437,-2.887455437,-2.887455437,3.595226634,3.65123231,-2.887455437,-0.531907751,-2.887455437,-2.887455437,-2.887455437,-2.887455437,-2.887455437,-2.887455437,-2.887455437,-2.887455437,-2.887455437,-0.280593323,-2.887455437,-2.887455437,-2.887455437,-2.887455437,1.235754166,-2.887455437,0.230232301,-2.887455437,-2.887455437,-2.887455437,-2.887455437,-2.887455437,-2.887455437,-2.887455437,-2.887455437,-2.887455437,-2.887455437,-2.887455437,-2.887455437,-2.887455437,-2.887455437,-2.4778179,-2.887455437,-2.887455437,-2.887455437,-2.887455437,3.333323093,-1.78467072,-2.887455437,-0.280593323,2.6159323,-2.887455437,-0.398376359,-2.887455437,-1.78467072,-2.887455437,-2.4778179,-2.887455437,-0.868379988,-2.887455437,1.865987521,-2.887455437,-2.887455437,-2.887455437,3.324300475,-2.887455437,-2.887455437,-2.887455437,-2.887455437,-2.4778179,-0.686058431,-2.887455437,0.466621079,-2.887455437,-2.887455437,-2.887455437,-2.887455437,-2.887455437,0.780278638,-2.887455437,-1.78467072,-2.887455437,-2.887455437,-2.887455437,1.159768259,0.466621079,-2.887455437,-1.78467072,-1.78467072,-2.887455437,-0.398376359,-1.78467072,0.007088749,-2.887455437,-2.887455437,-2.887455437,-2.887455437,-2.887455437,-2.4778179,-2.887455437,-2.887455437,-0.686058431,-2.887455437,-0.175232807,-2.887455437,-2.887455437,-2.887455437,-2.887455437,-2.887455437,-2.887455437,-2.887455437,-2.887455437,-1.091523539,0.355395444,0.294770822,-2.4778179,-2.4778179,-2.887455437,-2.887455437,-2.887455437,-2.887455437,-2.4778179,-2.887455437,-2.887455437,-2.887455437,-2.887455437,-2.887455437,-2.887455437,-2.887455437,-2.887455437,-2.887455437,1.159768259,-2.887455437,0.161239429,-2.887455437,-2.887455437,0.956169304,1.048542624,2.4200219,-2.887455437,-2.887455437,-2.887455437,0.230232301,0.657676316,1.259851718,0.566704537,-2.887455437,-2.887455437,-2.887455437,1.649316485,-1.091523539,-2.887455437,-2.887455437,-2.887455437,-2.887455437,-2.887455437,-0.280593323,-2.887455437,-2.887455437,-2.887455437,-2.887455437,-2.887455437,-2.887455437,-2.887455437,-2.887455437,-2.887455437,-2.887455437,-2.887455437,0.566704537,-2.887455437,-2.887455437,-2.887455437,-2.887455437,-1.78467072,3.888652547,-2.887455437,-2.887455437,-2.887455437,-0.686058431,-0.686058431,-2.887455437,-2.887455437,-2.887455437,-2.887455437,0.161239429,-2.887455437,0.517914373,-2.887455437,-2.887455437,-1.091523539,0.85438661,-2.887455437,-2.887455437,-2.4778179,-2.887455437,-2.887455437,-1.091523539,-2.887455437,-2.887455437,-2.887455437,-2.887455437,-2.887455437,-2.887455437,-2.887455437,-2.887455437,-2.887455437,-2.887455437,-2.887455437,-0.686058431,-2.887455437,-2.887455437,-2.887455437,-2.887455437,0.466621079,-0.079922628,-2.887455437,0.161239429,-2.887455437,-1.78467072,-2.887455437,-2.887455437,-2.887455437,-2.887455437,-2.887455437,2.96459981,-2.887455437,-2.887455437,-2.887455437,-1.091523539,-2.887455437,-2.887455437,0.230232301,-2.887455437,-2.887455437,2.960261408,-2.887455437,-2.887455437,-2.887455437,-2.887455437,-0.175232807,-2.887455437,-2.887455437,-2.887455437,-0.686058431,-2.887455437,-1.379205612,-2.887455437,-2.887455437,-2.887455437,-1.78467072,-0.079922628,-2.887455437,1.159768259,-2.887455437,-2.887455437,-2.887455437,0.087131457,0.007088749,-2.887455437,-2.887455437,-2.887455437,-2.887455437,-2.887455437,-0.175232807,-2.887455437,-2.887455437,-2.887455437,-2.4778179,-2.887455437,0.294770822,2.301305593,-2.887455437,-2.887455437,-2.887455437,-2.887455437,-2.887455437,-2.887455437,-0.531907751,-1.78467072,-2.887455437,3.595226634,-2.887455437,-2.887455437,-2.887455437,-2.887455437,-1.78467072,-2.887455437,-2.887455437,-0.398376359,-2.887455437,0.294770822,-2.887455437,1.185743746,-2.887455437,1.726874719,-2.887455437,-2.887455437,-2.4778179,1.159768259
ERR11181243 ,-2.887455437,-1.095695968,-1.501161076,0.331420388,-2.887455437,-2.887455437,-2.887455437,-2.887455437,-2.887455437,2.492441917,2.248343,-1.788843148,-2.887455437,-2.887455437,-2.887455437,-2.887455437,-2.887455437,-2.887455437,-2.194308256,-2.887455437,-2.887455437,-2.887455437,-0.322506079,-2.887455437,-2.887455437,-2.887455437,-2.887455437,-0.941545288,-2.887455437,0.370641101,-2.887455437,-2.887455437,-2.887455437,-2.887455437,-2.887455437,-1.788843148,-2.887455437,-2.887455437,-2.887455437,-2.887455437,-2.887455437,-2.887455437,-2.887455437,-2.887455437,-0.941545288,-2.887455437,-2.887455437,-2.887455437,-2.887455437,2.506172109,0.290598393,-2.887455437,0.82611663,2.405849388,-2.887455437,0.723462476,-2.887455437,-2.887455437,-2.887455437,-2.887455437,-2.194308256,-0.322506079,-0.941545288,1.747273551,-2.887455437,-2.887455437,-2.887455437,2.750899232,-2.887455437,-2.887455437,-2.887455437,-2.887455437,-2.887455437,-0.584870344,-2.887455437,0.546531768,-1.501161076,-2.887455437,-2.887455437,-2.887455437,-2.887455437,0.370641101,-2.887455437,-0.69023086,-2.887455437,-2.887455437,-1.788843148,2.025199449,-0.179405236,-1.095695968,-2.194308256,-2.194308256,-2.194308256,-1.095695968,-1.501161076,1.747273551,-2.887455437,-1.501161076,-1.095695968,-2.887455437,-2.887455437,-2.887455437,-2.887455437,-2.887455437,-2.887455437,-2.887455437,0.108276837,-2.887455437,-2.887455437,-2.887455437,-2.887455437,-2.887455437,-2.887455437,-2.887455437,-2.887455437,-2.887455437,0.896734197,-0.248398107,-0.941545288,-1.788843148,-2.887455437,-2.887455437,-2.887455437,-2.887455437,0.056983542,-2.887455437,-2.887455437,-2.887455437,-2.887455437,-2.887455437,-2.887455437,-2.887455437,-2.887455437,0.108276837,1.995346486,-2.887455437,-0.584870344,-2.887455437,-2.887455437,0.850214181,2.039798248,4.146932493,-2.887455437,-2.887455437,-2.887455437,1.137896254,0.002916321,1.980079014,2.116490869,-2.887455437,-2.887455437,-2.887455437,1.430032677,-2.194308256,-2.887455437,-2.887455437,-2.887455437,-2.194308256,-2.887455437,-0.054242093,-2.887455437,-2.887455437,-2.194308256,-2.887455437,-2.887455437,-2.887455437,-2.887455437,-2.887455437,-2.887455437,-2.887455437,-2.887455437,1.803892445,-2.887455437,-2.887455437,-1.095695968,-2.887455437,-0.054242093,2.415849471,-2.887455437,-2.887455437,-2.887455437,0.108276837,0.638905088,-2.887455437,-2.887455437,-2.887455437,-2.887455437,0.479840393,-2.887455437,0.331420388,-2.887455437,-2.887455437,-0.941545288,-0.489560164,-2.887455437,-2.887455437,-1.501161076,-2.887455437,-2.887455437,-1.095695968,-2.887455437,-2.887455437,-2.887455437,-2.887455437,-2.887455437,-2.887455437,-2.887455437,-2.887455437,-2.887455437,-2.887455437,-2.887455437,1.063788282,-2.887455437,-2.887455437,-2.887455437,-2.887455437,1.25567929,0.638905088,-2.887455437,1.024567569,-2.887455437,-1.788843148,-2.887455437,-2.887455437,-2.887455437,-2.887455437,-2.887455437,1.972356968,-1.501161076,-2.887455437,-2.887455437,-2.887455437,-2.887455437,-2.887455437,0.776106209,-2.887455437,-2.887455437,3.666477967,-2.887455437,-2.887455437,-2.887455437,-2.887455437,1.332052268,-2.887455437,-2.887455437,-2.887455437,-0.248398107,-2.887455437,-1.788843148,-2.887455437,-2.887455437,-2.887455437,-2.194308256,0.513741945,-2.887455437,-0.69023086,-2.887455437,-2.887455437,-2.887455437,-1.501161076,0.850214181,-2.887455437,-2.887455437,-2.887455437,-2.887455437,-2.887455437,0.896734197,-2.887455437,-2.887455437,-2.887455437,-2.887455437,-2.887455437,1.082836477,1.239678948,-2.887455437,-2.887455437,-2.887455437,-2.887455437,-2.887455437,-2.887455437,-0.69023086,-2.887455437,-0.114866715,1.697512042,-2.887455437,-2.887455437,-2.887455437,-2.887455437,-0.808013895,-2.887455437,-2.887455437,-0.054242093,-2.887455437,0.331420388,-2.887455437,0.157067001,-2.887455437,1.044370196,-2.887455437,-2.887455437,-2.887455437,0.609052125
ERR11181244 ,-2.887455437,-1.480787314,-2.887455437,0.128650598,-2.887455437,-2.887455437,-2.887455437,-2.887455437,-2.887455437,2.508196733,1.227262887,-2.887455437,-2.887455437,-2.887455437,-2.887455437,-2.887455437,-2.887455437,-2.887455437,-0.382175025,-2.887455437,-2.887455437,-2.887455437,-1.480787314,-2.887455437,-2.887455437,-2.887455437,-2.887455437,0.310972155,-2.887455437,-0.787640133,-2.887455437,-2.887455437,-2.887455437,-2.887455437,-2.887455437,-0.787640133,-2.887455437,-2.887455437,-2.887455437,-2.887455437,-2.887455437,-2.887455437,-2.887455437,-2.887455437,-2.887455437,-2.887455437,-2.887455437,-2.887455437,-2.887455437,2.045573211,-2.887455437,-2.887455437,-0.787640133,2.015720248,-2.887455437,1.004119336,-2.887455437,-2.887455437,-2.887455437,-2.887455437,-2.887455437,-2.887455437,-2.887455437,0.598654228,-2.887455437,-2.887455437,-2.887455437,1.563735124,-2.887455437,-2.887455437,-2.887455437,-0.094492953,-2.887455437,-2.887455437,-2.887455437,1.158270016,-1.480787314,-2.887455437,-2.887455437,-2.887455437,-2.887455437,0.128650598,-2.887455437,-0.787640133,-2.887455437,-2.887455437,-2.887455437,-2.887455437,-2.887455437,-2.887455437,-2.887455437,-0.094492953,-2.887455437,-2.887455437,-2.887455437,0.310972155,-2.887455437,-2.887455437,-0.787640133,-2.887455437,-2.887455437,-1.480787314,-2.887455437,-2.887455437,-2.887455437,-2.887455437,0.128650598,-2.887455437,-2.887455437,-2.887455437,-2.887455437,-2.887455437,-2.887455437,-2.887455437,-2.887455437,-2.887455437,-2.887455437,-2.887455437,-1.480787314,-2.887455437,-0.787640133,-2.887455437,-2.887455437,-1.480787314,-2.887455437,-2.887455437,-2.887455437,-2.887455437,-2.887455437,-2.887455437,-2.887455437,-2.887455437,-2.887455437,-2.887455437,-2.887455437,-2.887455437,-2.887455437,-2.887455437,-2.887455437,0.917107959,-1.480787314,1.35242603,-2.887455437,-2.887455437,-2.887455437,-0.787640133,-0.094492953,-2.887455437,0.716437263,-2.887455437,-2.887455437,-2.887455437,1.697266516,-2.887455437,-2.887455437,-2.887455437,-2.887455437,-0.094492953,-2.887455437,-2.887455437,-2.887455437,-2.887455437,-2.887455437,-2.887455437,-2.887455437,-2.887455437,-2.887455437,-2.887455437,-2.887455437,-2.887455437,-2.887455437,-0.787640133,-2.887455437,-2.887455437,-2.887455437,-2.887455437,-2.887455437,1.920410068,-2.887455437,-2.887455437,-2.887455437,-1.480787314,-2.887455437,-2.887455437,-2.887455437,-2.887455437,-2.887455437,-2.887455437,-2.887455437,-2.887455437,-2.887455437,-2.887455437,0.465122835,-1.480787314,-2.887455437,-2.887455437,-2.887455437,-2.887455437,-2.887455437,-2.887455437,-2.887455437,-2.887455437,-2.887455437,-2.887455437,-2.887455437,-2.887455437,-2.887455437,-2.887455437,-2.887455437,-2.887455437,-2.887455437,-2.887455437,-2.887455437,-2.887455437,-2.887455437,-2.887455437,-0.787640133,-2.887455437,-2.887455437,-0.787640133,-2.887455437,-2.887455437,-2.887455437,-2.887455437,-2.887455437,-2.887455437,-2.887455437,1.953199891,-2.887455437,-2.887455437,-2.887455437,-2.887455437,-2.887455437,-2.887455437,-0.787640133,-2.887455437,-2.887455437,1.463651665,-2.887455437,-2.887455437,-2.887455437,-2.887455437,-2.887455437,-2.887455437,-2.887455437,-2.887455437,-2.887455437,-2.887455437,-2.887455437,-2.887455437,-2.887455437,-2.887455437,-2.887455437,-2.887455437,-2.887455437,-2.887455437,-2.887455437,-2.887455437,-2.887455437,-0.787640133,-0.787640133,-2.887455437,-2.887455437,-2.887455437,-2.887455437,-2.887455437,-2.887455437,-2.887455437,-2.887455437,-2.887455437,-2.887455437,-2.887455437,1.953199891,0.465122835,-2.887455437,-2.887455437,-2.887455437,-2.887455437,-2.887455437,-2.887455437,-2.887455437,-2.887455437,-2.887455437,-1.480787314,-2.887455437,-2.887455437,-2.887455437,-0.787640133,-0.787640133,-2.887455437,-2.887455437,1.291801408,-2.887455437,-2.887455437,-2.887455437,0.128650598,-2.887455437,0.310972155,-2.887455437,-2.887455437,-2.887455437,-0.382175025
ERR11181245 ,-2.887455437,-2.676193581,-2.887455437,0.368328857,-2.887455437,-2.887455437,-2.887455437,-2.887455437,-2.887455437,3.122899073,2.068738547,-1.577581292,-1.28989922,-2.887455437,-2.887455437,-2.887455437,-2.887455437,-2.887455437,0.368328857,-2.887455437,-2.887455437,-1.28989922,0.03185662,-2.887455437,-2.887455437,-2.887455437,-2.887455437,-0.478969004,-1.28989922,0.691102249,-2.887455437,-2.887455437,-2.887455437,-2.887455437,-2.887455437,-2.887455437,-2.887455437,-2.887455437,-2.887455437,-2.887455437,-1.9830464,-2.887455437,-2.887455437,-2.887455437,-0.478969004,-2.887455437,-2.887455437,-2.887455437,-2.887455437,3.250732445,-0.884434112,-2.887455437,0.934724332,2.533292572,-2.887455437,0.459300635,-1.9830464,-1.577581292,-2.887455437,-2.887455437,-2.887455437,-2.676193581,-1.28989922,2.167993505,-2.887455437,-2.887455437,-2.887455437,3.143889349,-2.887455437,-2.887455437,-2.887455437,-2.887455437,-2.887455437,-0.884434112,-2.887455437,-0.111244224,-1.577581292,-2.887455437,-2.887455437,-2.887455437,-2.887455437,-0.278298308,-2.887455437,-0.278298308,-1.28989922,-2.887455437,-2.887455437,1.600472538,0.319538692,-2.887455437,-2.887455437,-2.887455437,-1.9830464,0.789542322,-2.887455437,1.482689502,-2.887455437,-2.887455437,-2.887455437,-2.887455437,-2.887455437,-2.676193581,-2.887455437,-2.887455437,-1.28989922,-2.887455437,1.528499038,-2.887455437,-2.887455437,-2.887455437,-2.887455437,-2.887455437,-2.887455437,-2.887455437,-2.887455437,-2.887455437,1.085006535,0.214178177,-1.28989922,-2.887455437,-1.9830464,-2.887455437,-2.887455437,-2.676193581,-0.191286931,-2.887455437,-1.28989922,-2.887455437,-2.887455437,-2.887455437,-2.887455437,-2.887455437,-2.887455437,0.157019763,1.898517397,-2.887455437,-0.111244224,-2.887455437,-2.887455437,0.096395141,1.856405912,3.938532019,-2.887455437,-2.887455437,-2.887455437,1.061476037,0.581902957,1.384249429,-0.884434112,-2.887455437,-2.887455437,-2.887455437,1.173954021,-2.676193581,-2.887455437,-2.887455437,-2.887455437,-2.887455437,-2.887455437,0.459300635,-2.887455437,-2.887455437,-2.676193581,-2.887455437,-2.887455437,-2.887455437,-1.9830464,-2.887455437,-2.887455437,-2.887455437,-2.887455437,0.757793623,-2.887455437,-2.887455437,-2.676193581,-2.887455437,-0.884434112,3.237309425,-2.887455437,-2.887455437,-2.887455437,0.268245398,1.012685873,-2.887455437,-2.887455437,-2.887455437,-2.887455437,-0.111244224,-2.887455437,1.294098332,-2.887455437,-2.887455437,-2.887455437,1.466941145,-2.887455437,-2.887455437,-0.884434112,-2.887455437,-2.887455437,-0.037136251,-2.887455437,-2.887455437,-2.887455437,-2.887455437,-2.887455437,-2.887455437,-2.887455437,-2.676193581,-2.887455437,-2.887455437,-2.887455437,0.542682244,-2.887455437,-2.887455437,-2.887455437,-2.887455437,1.19500743,0.656010929,-2.887455437,0.542682244,-2.887455437,-2.887455437,-2.887455437,-2.887455437,-2.887455437,-2.887455437,-2.887455437,2.505589969,-0.884434112,-2.887455437,-1.577581292,-2.887455437,-0.730283432,-2.887455437,0.03185662,-2.887455437,-2.887455437,3.073199405,-2.887455437,-2.887455437,-2.887455437,-2.887455437,0.82031398,-2.887455437,-2.887455437,-2.887455437,-1.066755669,-2.887455437,-0.037136251,-2.887455437,-2.887455437,-2.887455437,0.319538692,0.987368065,-2.887455437,-1.9830464,-2.887455437,-2.887455437,-2.887455437,-0.037136251,0.542682244,-2.887455437,-2.676193581,-2.887455437,-2.887455437,-2.887455437,1.152447815,-2.887455437,-2.887455437,-2.887455437,-1.9830464,-2.887455437,2.940577517,1.867101201,-2.887455437,-2.887455437,-2.887455437,-2.887455437,-2.887455437,-2.887455437,-1.066755669,-2.887455437,-0.111244224,-0.111244224,-2.887455437,-2.887455437,-2.887455437,-2.887455437,-1.28989922,-2.887455437,-2.887455437,0.691102249,-1.066755669,0.757793623,-2.887455437,-0.037136251,-2.887455437,0.907325357,-2.887455437,-2.887455437,-2.887455437,1.19500743
ERR11181246 ,-2.887455437,-2.887455437,-2.887455437,0.621362175,-2.887455437,-2.887455437,-2.887455437,-2.887455437,-2.887455437,3.267910176,1.232271257,-2.887455437,-2.887455437,-2.887455437,-2.887455437,-2.887455437,-2.887455437,-2.887455437,0.449511918,-2.887455437,-2.887455437,-2.887455437,-0.020491711,-2.887455437,-2.887455437,-2.887455437,-2.887455437,0.315980525,-2.887455437,0.721445634,-2.887455437,-2.887455437,-2.887455437,-2.887455437,-2.887455437,-2.887455437,-2.887455437,-2.887455437,-2.887455437,-2.887455437,-2.887455437,-2.887455437,-2.887455437,-2.887455437,-2.887455437,-2.887455437,-2.887455437,-2.887455437,-2.887455437,3.132244311,-2.887455437,-2.887455437,0.074818469,2.131270492,-2.887455437,1.009127706,-2.887455437,-2.887455437,-2.887455437,-2.887455437,-2.887455437,-2.887455437,-1.629929624,1.881615815,-2.887455437,-2.887455437,-2.887455437,2.653656938,-2.887455437,-2.887455437,-2.887455437,-2.887455437,-2.887455437,-1.629929624,-2.887455437,1.628166914,-2.887455437,-2.887455437,-2.887455437,-2.887455437,-2.887455437,1.994411309,-2.887455437,1.044219026,-2.887455437,-2.887455437,-2.887455437,0.161829846,-2.887455437,-2.887455437,-2.887455437,-2.887455437,-2.887455437,-1.629929624,-2.887455437,0.315980525,-2.887455437,-0.936782443,-2.887455437,-2.887455437,-2.887455437,-0.713638892,-2.887455437,-2.887455437,-2.887455437,-2.887455437,-0.020491711,-2.887455437,-2.887455437,-2.887455437,-2.887455437,-2.887455437,-2.887455437,-2.887455437,-2.887455437,-2.887455437,-0.377166655,-2.887455437,-1.224464516,-2.323076804,-0.713638892,-2.887455437,-2.887455437,-1.629929624,-2.887455437,-2.887455437,-1.629929624,-2.887455437,-2.887455437,-2.887455437,-2.887455437,-2.887455437,-2.887455437,-2.323076804,-1.224464516,-2.887455437,-1.629929624,-2.887455437,-2.887455437,1.527070798,-0.020491711,1.967382637,-2.887455437,-2.887455437,-2.887455437,-0.936782443,0.567294954,-0.020491711,-0.713638892,-2.887455437,-2.887455437,-2.887455437,2.15426001,-2.887455437,-2.887455437,-2.887455437,-2.887455437,-2.887455437,-2.887455437,-0.531317335,-2.887455437,-2.887455437,-2.887455437,-2.887455437,-2.887455437,-2.887455437,-2.887455437,-2.887455437,-2.887455437,-2.887455437,-2.887455437,-0.713638892,-2.887455437,-2.887455437,-1.629929624,-2.887455437,0.241872553,3.056820549,-2.887455437,-2.887455437,-2.887455437,-1.629929624,-2.887455437,-2.887455437,-2.887455437,-2.887455437,-2.887455437,-2.323076804,-2.887455437,-0.936782443,-2.887455437,-2.887455437,-0.531317335,0.767965649,-2.887455437,-2.887455437,-2.887455437,-2.887455437,-2.887455437,-2.887455437,-2.887455437,-2.887455437,-2.887455437,-2.887455437,-2.887455437,-2.887455437,-2.887455437,-2.887455437,-2.887455437,-2.887455437,-2.887455437,-1.629929624,-2.887455437,-2.887455437,-2.887455437,-2.887455437,-0.936782443,-2.323076804,-2.887455437,-1.224464516,-2.887455437,-2.887455437,-2.887455437,-2.887455437,-2.887455437,-2.887455437,-2.887455437,2.582197974,-2.887455437,-2.887455437,-2.887455437,-1.224464516,-2.887455437,-2.887455437,-1.224464516,-2.887455437,-2.887455437,3.514653643,-2.887455437,-2.887455437,-2.887455437,-2.887455437,-0.377166655,-2.887455437,-2.887455437,-2.887455437,-2.323076804,-2.887455437,-2.887455437,-2.887455437,-2.887455437,-2.887455437,-2.887455437,-0.936782443,-2.887455437,-0.125852227,-2.887455437,-2.887455437,-2.887455437,0.315980525,-0.713638892,-2.887455437,-2.887455437,-2.887455437,-2.887455437,-2.887455437,-0.125852227,-2.887455437,-2.887455437,-2.887455437,-2.323076804,-2.887455437,1.390495263,1.866577938,-2.887455437,-2.887455437,-2.887455437,-2.887455437,-2.887455437,-2.887455437,-0.713638892,-2.887455437,-0.936782443,1.078120577,-2.887455437,-2.887455437,-2.887455437,-2.887455437,-2.887455437,-2.887455437,-2.887455437,-0.243635263,-2.887455437,0.074818469,-2.887455437,1.009127706,-2.887455437,1.232271257,-2.887455437,-2.887455437,-2.887455437,1.044219026
ERR11181247 ,-2.887455437,-2.277347747,-2.887455437,1.123849635,-2.887455437,-2.887455437,-2.887455437,-2.887455437,-2.887455437,2.898801986,1.673895972,-2.887455437,-0.891053386,-2.887455437,-2.887455437,-2.887455437,-2.887455437,-2.887455437,0.941528078,-2.887455437,-2.887455437,-2.887455437,0.858146469,-2.887455437,-2.887455437,-2.887455437,-2.887455437,-0.331437598,-2.887455437,0.287601611,-2.887455437,-2.887455437,-2.887455437,-2.887455437,-2.887455437,-2.887455437,-2.887455437,-2.887455437,-2.887455437,-2.887455437,-2.887455437,-2.887455437,-2.887455437,-2.887455437,-2.277347747,-2.887455437,-2.887455437,-2.887455437,-2.887455437,3.088628268,-2.887455437,-2.887455437,0.361709583,2.635307139,-2.887455437,1.956758758,-2.887455437,-2.887455437,-2.887455437,-2.887455437,-2.887455437,-0.891053386,-2.887455437,2.040140367,-2.887455437,-2.887455437,-2.887455437,2.785247286,-2.887455437,-2.887455437,-2.887455437,-1.584200566,-2.887455437,-2.887455437,-2.887455437,0.613024011,-2.887455437,-2.887455437,-2.887455437,-2.887455437,-2.887455437,0.613024011,-2.887455437,-2.277347747,-2.887455437,-2.887455437,-2.887455437,0.361709583,-2.277347747,-2.887455437,-2.887455437,-1.584200566,-2.887455437,-2.887455437,-2.887455437,-0.485588278,-2.887455437,-2.887455437,-2.887455437,-2.887455437,-2.887455437,0.025237346,-2.887455437,-2.887455437,-2.277347747,-2.887455437,-0.891053386,-2.887455437,-2.887455437,-2.887455437,-2.887455437,-2.887455437,-2.887455437,-2.887455437,-2.887455437,-2.887455437,-0.485588278,-1.584200566,-2.887455437,-2.887455437,-2.887455437,-2.887455437,-2.887455437,-2.887455437,-0.891053386,-2.887455437,-2.887455437,-2.887455437,-2.887455437,-2.887455437,-2.887455437,-2.887455437,-2.887455437,-0.485588278,0.430702454,-2.887455437,-0.485588278,-2.887455437,-2.887455437,1.43622432,0.613024011,3.449500001,-2.887455437,-2.887455437,-2.887455437,-2.887455437,-0.08012317,-0.197906205,-0.08012317,-2.887455437,-2.887455437,-2.887455437,1.506841887,-0.485588278,-2.887455437,-2.887455437,-2.887455437,-2.277347747,-2.887455437,-2.887455437,-2.887455437,-2.887455437,-2.277347747,-2.887455437,-2.887455437,-2.887455437,-2.887455437,-2.887455437,-2.887455437,-2.887455437,-2.887455437,-0.331437598,-2.887455437,-2.887455437,-2.887455437,-2.887455437,-0.485588278,2.937588011,-2.887455437,-2.887455437,-2.887455437,-2.887455437,-2.887455437,-2.887455437,-2.887455437,-2.887455437,-2.887455437,-0.667909834,-2.887455437,-0.08012317,-2.887455437,-2.887455437,0.767174691,0.287601611,-2.887455437,-2.887455437,-2.887455437,-2.887455437,-2.887455437,-2.887455437,-2.887455437,-2.887455437,-2.887455437,-2.887455437,-2.887455437,-2.887455437,-2.887455437,-2.887455437,-2.887455437,-2.887455437,-2.887455437,-1.178735458,-2.887455437,-2.887455437,-2.887455437,-2.887455437,0.025237346,-1.584200566,-2.887455437,-0.331437598,-2.887455437,-2.887455437,-2.887455437,-2.887455437,-2.887455437,-2.887455437,-2.887455437,2.510143996,-0.667909834,-2.887455437,-0.891053386,-2.887455437,-2.887455437,-2.887455437,-1.584200566,-2.887455437,-2.887455437,2.980147625,-2.887455437,-2.887455437,-2.887455437,-2.887455437,-1.178735458,-2.887455437,-2.887455437,-2.887455437,-2.887455437,-2.887455437,-0.485588278,-2.887455437,-2.887455437,-2.887455437,-2.887455437,-2.277347747,-2.887455437,0.718384527,-2.887455437,-2.887455437,-2.887455437,-0.667909834,-2.887455437,-2.887455437,-2.277347747,-2.887455437,-2.887455437,-2.887455437,-0.485588278,-2.887455437,-2.887455437,-2.887455437,-2.887455437,-2.887455437,1.333570166,1.386213899,-2.887455437,-2.887455437,-2.887455437,-2.887455437,-2.887455437,-2.887455437,-0.485588278,0.361709583,-2.887455437,1.123849635,-2.887455437,-2.887455437,-2.887455437,-2.887455437,-1.584200566,-2.887455437,-2.887455437,-0.891053386,-2.887455437,-0.891053386,-2.887455437,0.900706083,-2.887455437,1.249012778,-2.887455437,-2.887455437,-2.887455437,0.120547526
ERR11181248 ,-2.887455437,-2.887455437,-2.887455437,1.541577015,-2.887455437,-2.887455437,-2.887455437,-2.887455437,-2.887455437,3.404463829,0.229390626,-2.887455437,-2.887455437,-2.887455437,-2.887455437,-2.887455437,-2.887455437,-2.887455437,0.423546641,-2.887455437,-2.887455437,-2.887455437,0.075239947,-2.887455437,-2.887455437,-2.409666703,-2.887455437,0.423546641,-2.887455437,-0.330225161,-2.887455437,-2.887455437,-2.887455437,-2.887455437,-2.887455437,-2.887455437,-2.887455437,-2.887455437,-2.887455437,-2.887455437,-2.887455437,-2.887455437,-2.887455437,-2.887455437,-2.409666703,-2.887455437,-2.887455437,-2.887455437,-2.887455437,3.323674574,-0.463756554,-2.887455437,-0.330225161,2.677929632,-2.887455437,0.957629127,-2.887455437,-2.887455437,-2.887455437,-2.887455437,-2.887455437,-0.330225161,-2.887455437,2.144210188,-2.887455437,-2.887455437,-2.887455437,2.726131734,-2.887455437,-2.887455437,-2.887455437,-2.887455437,-2.887455437,-2.887455437,-2.887455437,0.886170163,-2.887455437,-2.887455437,-2.887455437,-2.887455437,-2.887455437,0.957629127,-2.887455437,-0.212442126,-2.887455437,-2.887455437,-2.887455437,0.298383498,-1.716519523,-2.887455437,-2.887455437,1.173852235,-2.887455437,-2.887455437,-1.716519523,-1.023372342,-2.887455437,-2.887455437,-2.887455437,-2.887455437,-2.887455437,-0.800228791,-2.887455437,-2.887455437,-2.409666703,-2.887455437,-0.617907234,-2.887455437,-2.887455437,-2.887455437,-2.887455437,-2.887455437,-2.887455437,-2.887455437,-2.887455437,-2.887455437,-0.10708161,0.480705055,-1.023372342,-2.887455437,-1.716519523,-2.887455437,-2.887455437,-2.887455437,-1.023372342,-2.887455437,-2.887455437,-2.887455437,-2.887455437,-2.887455437,-2.887455437,-2.887455437,-2.887455437,-2.409666703,0.534772276,-2.887455437,-0.212442126,-2.887455437,-2.887455437,0.848429835,0.634855735,2.517586982,-2.887455437,-2.887455437,-2.887455437,-1.311054414,0.809209122,-0.330225161,0.075239947,-2.887455437,-2.887455437,-2.887455437,2.225062285,-0.10708161,-2.887455437,-2.887455437,-2.887455437,-1.023372342,-2.887455437,-1.023372342,-2.887455437,-2.887455437,-2.887455437,-2.887455437,-2.887455437,-2.887455437,-2.887455437,-2.887455437,-2.887455437,-2.887455437,-2.887455437,-0.617907234,-2.887455437,-2.887455437,-2.887455437,-2.887455437,-0.212442126,3.9533614,-2.887455437,-2.887455437,-2.887455437,-1.716519523,-1.716519523,-2.887455437,-2.887455437,-2.887455437,-2.887455437,-0.330225161,-2.887455437,-1.023372342,-2.887455437,-2.887455437,-1.716519523,1.116693821,-2.887455437,-2.887455437,-2.887455437,-2.887455437,-2.887455437,-2.887455437,-2.887455437,-2.887455437,-2.887455437,-2.887455437,-2.887455437,-2.887455437,-2.887455437,-2.887455437,-2.887455437,-2.887455437,-2.887455437,-1.023372342,-2.887455437,-2.887455437,-2.409666703,-2.887455437,-2.887455437,-0.617907234,-2.887455437,-0.212442126,-2.887455437,-2.887455437,-2.887455437,-2.887455437,-2.887455437,-2.887455437,-2.887455437,3.058393438,-0.617907234,-2.887455437,-2.887455437,-2.409666703,-2.887455437,-2.887455437,-1.311054414,-2.887455437,-2.887455437,1.74921638,-2.887455437,-2.887455437,-2.887455437,-2.887455437,-1.716519523,-2.887455437,-2.887455437,-2.887455437,-1.716519523,-2.887455437,-1.023372342,-2.887455437,-2.887455437,-2.887455437,-2.887455437,-2.887455437,-2.887455437,1.89439839,-2.887455437,-2.887455437,-2.887455437,-0.617907234,-1.023372342,-2.887455437,-0.800228791,-2.887455437,-2.887455437,-2.887455437,-0.10708161,-2.887455437,-2.887455437,-2.887455437,-2.887455437,-2.887455437,1.145681358,2.418647034,-2.887455437,-2.887455437,-2.887455437,-2.887455437,-2.887455437,-2.887455437,-0.800228791,-0.800228791,-2.887455437,1.145681358,-2.887455437,-2.887455437,-2.887455437,-2.887455437,-1.023372342,-2.887455437,-2.887455437,0.809209122,-2.887455437,-0.10708161,-2.887455437,1.086840858,-2.887455437,1.541577015,-2.887455437,-2.887455437,-2.887455437,1.440480899
ERR11181249 ,-2.887455437,-2.887455437,-2.887455437,0.956210854,-2.887455437,-2.887455437,-2.887455437,-2.887455437,-2.887455437,2.524826772,2.467668358,-2.887455437,-2.887455437,-2.887455437,-2.887455437,-2.887455437,-2.887455437,-2.887455437,-2.887455437,-2.887455437,-2.887455437,-2.887455437,-1.058692167,-2.887455437,-2.887455437,-2.887455437,-2.887455437,-1.058692167,-2.887455437,-0.653227059,-2.887455437,-2.887455437,-2.887455437,-2.887455437,-2.887455437,-2.887455437,-2.887455437,-2.887455437,-2.887455437,-2.887455437,-2.887455437,-2.887455437,-2.887455437,-2.887455437,-2.887455437,-2.887455437,-2.887455437,-2.887455437,-2.887455437,2.565648766,0.327602194,-2.887455437,-1.058692167,1.426214483,-2.887455437,0.039920122,-2.887455437,-2.887455437,-2.887455437,-1.058692167,-2.887455437,-2.887455437,-2.887455437,1.020749375,-2.887455437,-2.887455437,0.039920122,2.098308254,-2.887455437,-2.887455437,-2.887455437,-1.058692167,-2.887455437,-2.887455437,-2.887455437,-2.887455437,-2.887455437,-2.887455437,-2.887455437,-2.887455437,-2.887455437,-0.653227059,-2.887455437,-1.058692167,-2.887455437,-2.887455437,-2.887455437,1.506257191,-1.751839347,-2.887455437,-2.887455437,-0.365544986,-2.887455437,-2.887455437,-2.887455437,0.194070802,-2.887455437,-2.887455437,-2.887455437,-2.887455437,-2.887455437,-1.751839347,-2.887455437,-2.887455437,-2.887455437,-2.887455437,-2.887455437,-2.887455437,-2.887455437,-2.887455437,-2.887455437,-2.887455437,-2.887455437,-2.887455437,-2.887455437,-2.887455437,-1.751839347,-2.887455437,-1.751839347,-2.887455437,-2.887455437,-2.887455437,-2.887455437,-2.887455437,-1.751839347,-2.887455437,-2.887455437,-2.887455437,-2.887455437,-2.887455437,-2.887455437,-2.887455437,-2.887455437,-2.887455437,0.039920122,-2.887455437,-1.751839347,-2.887455437,-2.887455437,-0.142401435,-0.365544986,1.615456483,-2.887455437,-2.887455437,-2.887455437,-0.365544986,0.327602194,0.194070802,-1.058692167,-2.887455437,-2.887455437,-2.887455437,-0.365544986,-2.887455437,-2.887455437,-2.887455437,-2.887455437,-2.887455437,-2.887455437,-2.887455437,-2.887455437,-2.887455437,-2.887455437,-2.887455437,-2.887455437,-2.887455437,-2.887455437,-2.887455437,-2.887455437,-2.887455437,-2.887455437,-0.365544986,-2.887455437,-2.887455437,-2.887455437,-2.887455437,-2.887455437,2.591966075,-2.887455437,-2.887455437,-2.887455437,0.646055926,-2.887455437,-2.887455437,-2.887455437,-2.887455437,-2.887455437,-2.887455437,-2.887455437,-0.365544986,-2.887455437,-2.887455437,1.543997519,0.039920122,-2.887455437,-2.887455437,-2.887455437,-2.887455437,-2.887455437,-2.887455437,-2.887455437,-2.887455437,-2.887455437,-2.887455437,-2.887455437,-2.887455437,-2.887455437,-2.887455437,-2.887455437,-2.887455437,-2.887455437,-1.058692167,-2.887455437,-2.887455437,-2.887455437,-2.887455437,0.039920122,-0.365544986,-2.887455437,-0.142401435,-2.887455437,-2.887455437,-2.887455437,-2.887455437,-2.887455437,-2.887455437,-2.887455437,1.543997519,0.733067303,-2.887455437,-2.887455437,-2.887455437,-2.887455437,-2.887455437,-1.058692167,-2.887455437,-2.887455437,2.098308254,-2.887455437,-2.887455437,-2.887455437,-2.887455437,-2.887455437,-2.887455437,-2.887455437,-2.887455437,-1.751839347,-2.887455437,-2.887455437,-2.887455437,-2.887455437,-2.887455437,-2.887455437,-0.365544986,-2.887455437,0.039920122,-2.887455437,-2.887455437,-2.887455437,-2.887455437,0.550745746,-2.887455437,-2.887455437,-2.887455437,-2.887455437,-2.887455437,0.039920122,-2.887455437,-2.887455437,-2.887455437,-2.887455437,-2.887455437,1.911722299,0.550745746,-2.887455437,-2.887455437,-2.887455437,-2.887455437,-2.887455437,-2.887455437,-0.365544986,-0.365544986,-1.751839347,1.506257191,-2.887455437,-2.887455437,-2.887455437,-0.365544986,-1.751839347,-2.887455437,-2.887455437,-0.365544986,-2.887455437,0.550745746,-2.887455437,0.194070802,-2.887455437,-0.653227059,-2.887455437,-2.887455437,-2.887455437,-2.887455437
ERR11181250 ,-2.887455437,-2.887455437,-2.887455437,0.108150893,-2.887455437,-2.887455437,-2.887455437,-2.887455437,-2.887455437,1.494445254,-2.887455437,-2.887455437,-2.887455437,-2.887455437,-2.887455437,-2.887455437,-2.887455437,-2.887455437,-2.887455437,-2.887455437,-2.887455437,-2.887455437,-2.887455437,-2.887455437,-2.887455437,-2.887455437,-2.887455437,-2.887455437,-2.887455437,-2.887455437,-2.887455437,-2.887455437,-2.887455437,-2.887455437,-2.887455437,-2.887455437,-2.887455437,-2.887455437,-2.887455437,-2.887455437,-2.887455437,-2.887455437,-2.887455437,-2.887455437,-2.887455437,-2.887455437,-2.887455437,-2.887455437,-2.887455437,-2.887455437,-2.887455437,-2.887455437,-2.887455437,-2.887455437,-2.887455437,-2.887455437,-2.887455437,-2.887455437,-2.887455437,-2.887455437,-2.887455437,-2.887455437,-2.887455437,-2.887455437,-2.887455437,-2.887455437,-2.887455437,-2.887455437,-2.887455437,-2.887455437,-2.887455437,-2.887455437,-2.887455437,-2.887455437,-2.887455437,-0.990461396,-2.887455437,-2.887455437,-2.887455437,-2.887455437,-2.887455437,-0.990461396,-2.887455437,-2.887455437,-2.887455437,-2.887455437,-2.887455437,-2.887455437,-2.887455437,-2.887455437,-2.887455437,-2.887455437,-2.887455437,-2.887455437,-2.887455437,-2.887455437,-2.887455437,-2.887455437,-2.887455437,-2.887455437,-2.887455437,-2.887455437,-2.887455437,-2.887455437,-2.887455437,-2.887455437,-2.887455437,-2.887455437,-2.887455437,-2.887455437,-2.887455437,-2.887455437,-2.887455437,-2.887455437,-2.887455437,-2.887455437,-2.887455437,-2.887455437,-2.887455437,-0.990461396,-2.887455437,-2.887455437,-2.887455437,-2.887455437,-2.887455437,-2.887455437,-2.887455437,-2.887455437,-2.887455437,-2.887455437,-2.887455437,-2.887455437,-2.887455437,-2.887455437,-2.887455437,-2.887455437,-2.887455437,-2.887455437,-2.887455437,-0.297314215,-2.887455437,-2.887455437,-2.887455437,-2.887455437,-2.887455437,-2.887455437,-2.887455437,-2.887455437,-2.887455437,-2.887455437,-2.887455437,-2.887455437,0.955448753,-2.887455437,-2.887455437,-2.887455437,-2.887455437,-2.887455437,-2.887455437,-2.887455437,-2.887455437,-2.887455437,-2.887455437,-2.887455437,-2.887455437,-2.887455437,-2.887455437,-2.887455437,-2.887455437,-2.887455437,-2.887455437,-2.887455437,-2.887455437,-2.887455437,-2.887455437,-2.887455437,-2.887455437,0.801298074,-2.887455437,-2.887455437,-2.887455437,-2.887455437,-2.887455437,-2.887455437,-2.887455437,-2.887455437,-2.887455437,-2.887455437,-2.887455437,-2.887455437,-2.887455437,-2.887455437,-2.887455437,-2.887455437,-2.887455437,-2.887455437,-2.887455437,-2.887455437,-2.887455437,-2.887455437,-2.887455437,-2.887455437,-2.887455437,-2.887455437,-2.887455437,-2.887455437,-2.887455437,-2.887455437,-2.887455437,-2.887455437,-2.887455437,-2.887455437,-2.887455437,-2.887455437,-2.887455437,-2.887455437,-2.887455437,-2.887455437,-2.887455437,-2.887455437,-2.887455437,-2.887455437,-2.887455437,-2.887455437,-2.887455437,-2.887455437,-2.887455437,0.108150893,-2.887455437,-2.887455437,-2.887455437,-2.887455437,-2.887455437,-2.887455437,-2.887455437,-2.887455437,-2.887455437,-0.297314215,-2.887455437,-2.887455437,-2.887455437,-2.887455437,-2.887455437,-2.887455437,-2.887455437,-2.887455437,-2.887455437,-2.887455437,-2.887455437,-2.887455437,-2.887455437,-2.887455437,-2.887455437,-2.887455437,-2.887455437,-2.887455437,-2.887455437,-2.887455437,-2.887455437,-2.887455437,-2.887455437,-2.887455437,-2.887455437,-2.887455437,-2.887455437,-2.887455437,-2.887455437,-2.887455437,-2.887455437,-2.887455437,-2.887455437,-2.887455437,0.395832965,-2.887455437,-2.887455437,-2.887455437,-2.887455437,-2.887455437,-2.887455437,-2.887455437,-2.887455437,-2.887455437,-2.887455437,-2.887455437,-2.887455437,-2.887455437,-2.887455437,-2.887455437,-2.887455437,-2.887455437,-2.887455437,-2.887455437,-2.887455437,-2.887455437,-2.887455437,-2.887455437,-2.887455437,-0.297314215,-2.887455437,-2.887455437,-2.887455437,-2.887455437