SampleID,Aliarcobacter cryaerophilus_A (S) S1-001,Aliarcobacter cryaerophilus_A (S) S1-002,Aliarcobacter cryaerophilus_A (S) S1-003,Unclassified Bacteria (D) S1-004,Aliarcobacter (G) S1-006,Unclassified Bacteria (D) S1-007,Unclassified Bacteria (D) S1-005,Acinetobacter johnsonii (S) S1-010,Enterobacterales (O) S1-009,Unclassified Bacteria (D) S1-008,Bacteroides_I (G) S1-011,Aliarcobacter acticola (S) S1-012,Bacteroides_I graminisolvens (S) S1-014,Tolumonas auensis (S) S1-013,Aeromonas (G) S1-015,Acinetobacter (G) S1-022,Comamonas denitrificans_A (S) S1-017,Bacteroides_I (G) S1-016,Giesbergeria metamorpha (S) S1-021,Roseivirga sp002786855 (S) S1-019,Aliarcobacter (G) S1-018,Alteromonadaceae (F) S1-020,Aeromonas media (S) S1-023,Roseivirga sp002786855 (S) S1-024,Gammaproteobacteria (C) S1-025,Aliarcobacter (G) S1-026,Pararheinheimera tangshanensis (S) S1-027,Comamonas (G) S1-028,Malikia spinosa (S) S1-035,Aquaspirillum (G) S1-032,Aquabacterium sp017989885 (S) S1-033,Stutzerimonas (G) S1-034,Unclassified (U) S1-031,Flavobacterium (G) S1-038,Marinobacterium_E (G) S1-036,Macellibacteroides fermentans (S) S1-030,Macellibacteroides (G) S1-029,Acinetobacter (G) S1-039,Burkholderiaceae (F) S1-037,Flavobacterium (G) S1-043,Marinobacterium_E sp949499045 (S) S1-040,Pararheinheimera (G) S1-044,Comamonas (G) S1-045,Aliarcobacter (G) S1-042,Macromonas (G) S1-048,Acidiluteibacter (G) S1-047,Prevotella copri_B (S) S1-041,Acidovorax (G) S1-052,Stutzerimonas xanthomarina_A (S) S1-049,Comamonas (G) S1-051,Marinobacterium_E sp949499045 (S) S1-050,Comamonas (G) S1-054,Aliarcobacter (G) S1-056,Aquaspirillum (G) S1-046,Enterobacterales (O) S1-055,Azonexus (G) S1-062,Pseudomonas_E (G) S1-064,JAFGUR01 (G) S1-061,Shewanella xiamenensis (S) S1-065,Flavobacterium (G) S1-081,Unclassified Bacteria (D) S1-068,Rhodocyclaceae (F) S1-066,UM-FILTER-40-17 (G) S1-088,Opacimonas sp000155775 (S) S1-053,Unclassified Bacteria (D) S1-060,Polaribacter (G) S1-077,Phocaeicola vulgatus (S) S1-059,Lentibacter algarum (S) S1-058,Aliarcobacter (G) S1-070,Marinobacterium_E (G) S1-057,Pararheinheimera (G) S1-078,Flavobacterium (G) S1-084,Unclassified Bacteria (D) S1-063,Stenotrophomonas koreensis (S) S1-075,Pseudomonas_E (G) S1-073,Gammaproteobacteria (C) S1-083,Hydrogenophaga (G) S1-090,Comamonas (G) S1-072,Pararheinheimera (G) S1-079,Escherichia coli (S) S1-067,Aliarcobacter (G) S1-082,Aliarcobacter (G) S1-080,Limnohabitans_A (G) S1-091,JALQUL01 (G) S1-076,Succinivibrio sp000431835 (S) S1-074,Hydrogenophaga (G) S1-094,Aquaspirillum (G) S1-069,Agathobacter rectalis (S) S1-071,UM-FILTER-40-17 sp018829465 (S) S1-093,Hydrogenophaga (G) S1-095,Unclassified Bacteria (D) S1-085,RS62 (G) S1-104,MAG-120531 sp024643325 (S) S1-092,Kluyvera intermedia_A (S) S1-089,Thiopseudomonas (G) S1-096,Pseudomonas_E (G) S1-109,Thiopseudomonas (G) S1-097,JAGOXX01 (G) S1-102,Stutzerimonas (G) S1-107,Unclassified Bacteria (D) S1-103,Polaribacter (G) S1-113,JAGOXX01 (G) S1-098,Yeosuana (G) S1-124,Prevotella (G) S1-086,Bacteroides uniformis (S) S1-101,JAGOXX01 (G) S1-099,Unclassified Bacteria (D) S1-110,Acinetobacter (G) S1-111,Sulfurospirillum sp001548035 (S) S1-087,Unclassified Bacteria (D) S1-119,RS62 (G) S1-108,Giesbergeria (G) S1-115,Unclassified Bacteria (D) S1-112,Unclassified Bacteria (D) S1-105,Unclassified Bacteria (D) S1-118,Pseudomonadales (O) S1-106,Tolumonas (G) S1-116,Aquiluna (G) S1-122,Flavobacterium (G) S1-126,JANQUM01 (G) S1-117,Acinetobacter (G) S1-114,Pseudomonas_E (G) S1-129,Unclassified Bacteria (D) S1-131,Aliarcobacter (G) S1-134,Unclassified Bacteria (D) S1-125,Pseudomonas_E (G) S1-128,OLB19 (G) S1-100,W0P28-013 (G) S1-121,Flavobacterium (G) S1-130,Pararheinheimera (G) S1-133,Acinetobacter (G) S1-141,UBA2334 (G) S1-142,Prevotella (G) S1-138,UBA7396 (G) S1-120,Pararheinheimera (G) S1-144,Rhodocyclaceae (F) S1-169,Alistipes putredinis (S) S1-127,Erythrobacter (G) S1-181,Pseudomonadaceae (F) S1-157,Marinarcus (G) S1-145,Bact-08 sp018053445 (S) S1-146,Pseudomonas_E (G) S1-132,Unclassified Bacteria (D) S1-150,Shewanella (G) S1-148,Pseudomonas_E (G) S1-160,Unclassified Bacteria (D) S1-158,Rhodocyclaceae (F) S1-203,Pseudomonadota (P) S1-188,Fluviicola (G) S1-153,Pseudomonadaceae (F) S1-171,Polaromonas (G) S1-182,Comamonas (G) S1-140,Unclassified Bacteria (D) S1-179,Burkholderiaceae (F) S1-151,Flavobacterium (G) S1-217,Aliarcobacter (G) S1-164,Campylobacteria (C) S1-137,Thiopseudomonas (G) S1-147,Comamonas (G) S1-149,Aurantibacter (G) S1-187,Rhodoferax (G) S1-173,Unclassified Bacteria (D) S1-189,Burkholderiaceae (F) S1-196,Unclassified Bacteria (D) S1-136,Psychrobacter fulvigenes (S) S1-175,JAGOXX01 (G) S1-139,Flavobacteriaceae (F) S1-207,Rhodocyclaceae (F) S1-210,Burkholderiaceae (F) S1-186,Olleya (G) S1-123,Rhodoferax (G) S1-185,Unclassified Bacteria (D) S1-216,Acetoanaerobium (G) S1-155,Campylobacteria (C) S1-156,Prevotella (G) S1-152,Pseudomonadales (O) S1-176,DSM-21967 (F) S1-143,Burkholderiaceae (F) S1-243,Tolumonas (G) S1-162,Unclassified Bacteria (D) S1-165,Thiopseudomonas (G) S1-172,Flavobacterium (G) S1-192,Unclassified Bacteria (D) S1-214,J088 (P) S1-237,Thiomicrospiraceae (F) S1-197,Comamonas (G) S1-194,Fluviibacter (G) S1-233,Burkholderiaceae_A (F) S1-257,Roseovarius (G) S1-268,Limnohabitans (G) S1-247,Tolumonas (G) S1-154,Bacteroides (G) S1-170,Unclassified Bacteria (D) S1-221,Sulfurimonas sp002452425 (S) S1-198,Bacteria (D) S1-159,Giesbergeria (G) S1-178,Azonexus (G) S1-228,SAT41 (F) S1-190,Rhodocyclaceae (F) S1-218,Parabacteroides distasonis (S) S1-166,DSM-21967 (F) S1-163,JAFZMK01 (G) S1-202,Cellvibrio (G) S1-258,Flavobacterium (G) S1-254,Prevotella (G) S1-161,Bacteroides (G) S1-199,Comamonas (G) S1-253,Flavobacteriaceae (F) S1-205,JAGOXX01 (G) S1-168,Comamonas (G) S1-206,Flavobacteriaceae (F) S1-239,Fusobacteriota (P) S1-184,Bacteroides (G) S1-204,Unclassified Bacteria (D) S1-226,Acinetobacter (G) S1-209,Propionivibrio (G) S1-201,Stutzerimonas (G) S1-174,Unclassified Bacteria (D) S1-167,JAOADN01 (G) S1-224,Unclassified Bacteria (D) S1-236,Methylotenera (G) S1-262,Egerieousia (G) S1-135,Citrobacter (G) S1-213,Unclassified Bacteria (D) S1-223,Thiomicrospiraceae (F) S1-211,Unclassified Bacteria (D) S1-191,Sulfurospirillum (G) S1-208,Rhodocyclaceae (F) S1-231,Pararheinheimera (G) S1-249,Unclassified Bacteria (D) S1-212,Azonexus (G) S1-251,Unclassified Bacteria (D) S1-229,Acinetobacter (G) S1-220,Neisseria suis (S) S1-193,Pseudomonadota (P) S1-180,Proteocatella (G) S1-195,Unclassified Bacteria (D) S1-235,Acinetobacter (G) S1-227,Bacteroidaceae (F) S1-244,Rhodocyclaceae (F) S1-260,Acetatifactor (G) S1-177,Vescimonas sp000435555 (S) S1-232,Agathobacter (G) S1-183,Campylobacterales (O) S1-246,Unclassified Bacteria (D) S1-242,Unclassified Bacteria (D) S1-241,Pseudomonadota (P) S1-259,Unclassified Bacteria (D) S1-215,Enterobacteriaceae (F) S1-245,Egerieousia (G) S1-256,Unclassified Bacteria (D) S1-267,Dialister sp000434475 (S) S1-200,Methylotenera (G) S1-219,Rheinheimera (G) S1-273,Marivivens geojensis (S) S1-261,Marivivens geojensis (S) S1-270,Desulfobacter (G) S1-272,UBA9145 (G) S1-240,Propionivibrio (G) S1-225,Cryptobacteroides (G) S1-252,Gallintestinimicrobium (G) S1-234,DZBG01 (G) S1-274,Polynucleobacter (G) S1-248,Enterobacteriaceae (F) S1-255,JAGPKJ01 sp018053995 (S) S1-222,Lachnospira (G) S1-266,OLB19 (G) S1-263,Lachnospira (G) S1-264,Pseudomonadota (P) S1-271,Paludibacter (G) S1-238,CAJJDF01 (G) S1-250,Sulfurovum (G) S1-265,Pseudohongiellaceae (F) S1-269
ERR11181229,6.0469093,4.548155,3.3746638,1.1581376,2.133721,1.1645446,0.9231364,0.74838483,0.5362683,0.6484912,0.6049858,0.7575369,0.6378807,0.105506815,0.20755078,0.34240326,0.48896742,0.37127808,0.35288164,0.0,0.51465005,0.17270398,0.10157303,0.0,0.1782994,0.41370305,0.19158824,0.3106042,0.094027616,0.17893194,0.15395159,0.11729053,0.14885303,0.0,0.09560133,0.44624737,0.31574443,0.14589089,0.10941387,0.0,0.0,0.13273993,0.16515973,0.2626709,0.14292742,0.048062745,0.070208944,0.12782612,0.14074373,0.15200071,0.0,0.17749323,0.16548786,0.036160972,0.08390326,0.09259013,0.07749995,0.082525045,0.045235172,0.0,0.05865758,0.0852417,0.0,0.0,0.13756846,0.0,0.08688271,0.0,0.084888734,0.0,0.117500395,0.0,0.06493445,0.043599166,0.08186845,0.09500651,0.036260918,0.09177188,0.048373096,0.025398694,0.07962517,0.075520046,0.035190556,0.06445417,0.12743066,0.023001762,0.02490863,0.02281192,0.0,0.041884817,0.041924465,0.0,0.0,0.021219065,0.03266098,0.03898428,0.03261814,0.04317034,0.07491356,0.032375395,0.0,0.04547525,0.0,0.0,0.0475903,0.045577973,0.07011997,0.017932542,0.03775166,0.030517356,0.0,0.23064707,0.040195122,0.024061067,0.030837018,0.03757851,0.014018448,0.025243789,0.0,0.0,0.018034102,0.039072406,0.04244649,0.067670986,0.05442823,0.04395772,0.0,0.035473485,0.0,0.043800533,0.017243745,0.033628374,0.041507676,0.043203775,0.034790654,0.0,0.021020142,0.0,0.02617753,0.0,0.21658877,0.039313298,0.0,0.024720844,0.02518108,0.022296805,0.01721813,0.020557897,0.0,0.015932392,0.030049574,0.057851616,0.02726366,0.042857036,0.0,0.03923419,0.040390655,0.018705614,0.04752239,0.0,0.03266958,0.023261344,0.03180206,0.022445833,0.025979297,0.026576329,0.0,0.020690234,0.023761446,0.0,0.026308915,0.035885964,0.0,0.039740562,0.020431345,0.027860008,0.0,0.021180876,0.016294206,0.0,0.017297043,0.0,0.016685642,0.017955212,0.029141884,0.019075094,0.04565466,0.0285708,0.0,0.0,0.0,0.02552839,0.02231692,0.04375905,0.0195796,0.040920664,0.026905779,0.017914081,0.024641141,0.027561337,0.021950131,0.021115506,0.0,0.0,0.030275717,0.024844838,0.02454057,0.0,0.024408042,0.031866815,0.0,0.036308754,0.02242947,0.042599015,0.0,0.032250803,0.023703218,0.015018894,0.0,0.02387325,0.0,0.18701403,0.01690279,0.035870053,0.033019092,0.0,0.046370786,0.03197475,0.0,0.024319211,0.028544597,0.0,0.018814147,0.0,0.017842483,0.025444096,0.02749349,0.015527381,0.0,0.01859871,0.0,0.015215889,0.0,0.06214111,0.021160407,0.015192805,0.0,0.027880281,0.0,0.02005413,0.022361333,0.014855845,0.0,0.0,0.0,0.0,0.050042063,0.016601874,0.029365964,0.034024008,0.0,0.0,0.0,0.0,0.063115634,0.040018696,0.0,0.039078202,0.0,0.024717841,0.0,0.017003013,0.0
ERR11181230,0.22501633,0.1631715,0.12995966,0.056288727,0.10520707,0.03888411,0.0,0.0,0.07765392,0.08326345,0.037722874,0.041643642,0.0,0.0,0.0,0.0,0.0,0.0,0.0,0.8407849,0.039535712,0.0,0.0,0.71449876,0.0,0.37433854,0.040081963,0.0,0.09072885,0.0,0.040138144,0.0,0.12856467,0.19317263,0.40232587,0.0,0.0,0.0,0.0,0.1071277,0.0,0.036195077,0.0,0.0,0.044718124,0.0,0.0,0.030288503,0.0,0.0,0.0,0.0,0.0,0.025973469,0.0,0.08442671,0.0,0.0,0.0,0.14501399,0.0,0.13531168,1.2408781,0.0,0.0,0.067317285,0.0,0.0,0.025046876,0.0,0.028333947,0.0,0.0,0.0,0.0,0.0,0.034994386,0.0,0.0,0.0,0.0,0.0,0.023666658,0.0,0.0,0.041681405,0.0,0.0,0.55037016,0.035869032,0.0,0.0,0.0,0.0,0.0,0.14145514,0.0,0.0,0.0,0.0,0.2674527,0.0,0.62218064,0.0,0.0,0.0,0.0,0.0,0.0,0.0,0.0,0.0,0.0,0.0,0.0,0.10023458,0.0,0.0,0.0,0.0,0.0,0.0,0.021968061,0.0,0.0,0.0,0.116567,0.0,0.029009437,0.023756007,0.0,0.02455664,0.05959897,0.0,0.020711593,0.189752,0.0,0.30622625,0.0,0.07117214,0.055785414,0.0,0.0,0.0,0.0,0.0,0.16156104,0.043124046,0.0,0.0,0.0,0.0,0.0,0.0,0.05050903,0.0,0.0,0.0,0.0,0.058490165,0.0,0.0,0.0,0.0,0.0,0.0,0.07824653,0.059619073,0.0,0.0,0.0,0.0,0.0,0.0,0.0,0.0,0.0,0.031581808,0.0,0.0,0.0,0.0,0.0,0.10809351,0.038305122,0.0,0.057109706,0.042792924,0.17870755,0.0,0.0,0.0,0.049193427,0.0,0.0,0.0,0.0,0.0,0.0712355,0.0,0.0,0.0,0.08848149,0.0713258,0.0,0.0,0.0,0.15459472,0.0,0.0,0.043805,0.0,0.0,0.0,0.0,0.0,0.0,0.0,0.18621905,0.07341273,0.0,0.0,0.0,0.038177207,0.0,0.0,0.0,0.0,0.0,0.0,0.0,0.0,0.0,0.0,0.0,0.0,0.038796198,0.0,0.08855813,0.0,0.0,0.0,0.0,0.03274204,0.0,0.0,0.0,0.0,0.0,0.051633596,0.0,0.0,0.0,0.0,0.0,0.0,0.0,0.0,0.0,0.0,0.0,0.1392493,0.0,0.0,0.0,0.0,0.0,0.0,0.11344919,0.0,0.0,0.0,0.0
ERR11181231,5.0392094,3.908356,2.8333411,1.5016278,1.8493017,1.1317556,0.99982977,0.7279473,0.70750684,0.91651386,0.7485553,1.0817962,0.3197754,0.45145535,0.4195323,0.33860716,0.28434265,0.33217046,0.1315987,0.0,0.5392792,0.3247352,0.3352449,0.0,0.3001078,0.42043236,0.32436833,0.18782325,0.08557506,0.2231181,0.1995027,0.24112558,0.12827833,0.034690548,0.1298482,0.14520088,0.1486797,0.1776893,0.2005112,0.020214811,0.0,0.23436028,0.1752912,0.21423022,0.09480044,0.065919854,0.30556285,0.21111438,0.14842243,0.09767128,0.0,0.09969346,0.19272792,0.0,0.14984594,0.091889456,0.15833873,0.29659933,0.13996994,0.0,0.104382426,0.07913607,0.0,0.0,0.058990348,0.020818941,0.122116104,0.0,0.22441849,0.0,0.19054662,0.0,0.07722648,0.091947354,0.1267593,0.063278,0.06684581,0.06700433,0.17819749,0.04593397,0.17072314,0.19236599,0.03810811,0.07363632,0.06416367,0.036987692,0.0,0.05833473,0.0,0.021369318,0.07102215,0.0,0.0,0.030315222,0.38833097,0.04448913,0.3824273,0.09142088,0.04124443,0.08381632,0.0,0.08258268,0.0,0.022301044,0.0801832,0.08252524,0.091577224,0.40011233,0.027587323,0.028139932,0.0,0.03645568,0.11840385,0.095496915,0.28515118,0.03730197,0.058687564,0.03146033,0.0,0.0,0.10868362,0.036630925,0.08830233,0.0674257,0.063331835,0.04353761,0.05009148,0.07813487,0.0,0.08991723,0.1526629,0.017205585,0.036219925,0.054340523,0.078697816,0.04255946,0.05313113,0.0,0.02831152,0.032045018,0.055995617,0.04977588,0.07835706,0.08974853,0.028768586,0.019797703,0.027456267,0.02004899,0.0,0.021531157,0.019067584,0.021936541,0.03275756,0.02048091,0.014022833,0.065643124,0.057836715,0.20845601,0.023591567,0.024117447,0.01840632,0.034879517,0.015549296,0.17761664,0.15790777,0.046457533,0.0,0.021485316,0.026142647,0.0,0.0,0.06008911,0.029684912,0.047481563,0.06350627,0.023570215,0.0,0.017548488,0.026653703,0.0,0.1941823,0.034784965,0.018445473,0.020602766,0.07211876,0.023728903,0.021153143,0.01754871,0.0,0.0,0.03490153,0.04313148,0.03276889,0.064796925,0.07188991,0.016087875,0.020424422,0.023357648,0.024116674,0.0348768,0.06669728,0.021386,0.027742537,0.0,0.046179753,0.037474457,0.017273037,0.0,0.031216389,0.013892071,0.017041655,0.035304293,0.03684331,0.021505123,0.04678668,0.026970688,0.02627226,0.031888258,0.0,0.018951183,0.0,0.017854251,0.018189825,0.02497928,0.029790198,0.0,0.04135662,0.029648658,0.035563104,0.03379622,0.017821243,0.018839188,0.03125105,0.052322805,0.039565384,0.028811574,0.019316468,0.051322564,0.0,0.015843699,0.02425702,0.022697125,0.022381838,0.03598159,0.03405719,0.017117642,0.024148904,0.020063087,0.015536733,0.017885046,0.0,0.0,0.041384485,0.09070343,0.0,0.0,0.06273055,0.01883384,0.02562234,0.023595463,0.019485667,0.0,0.02400493,0.0,0.01367748,0.019629672,0.029224344,0.0229717,0.0,0.019089295,0.0,0.025363343,0.0
ERR11181232,6.9123855,5.3086686,3.8645117,1.2741296,2.513543,0.8314669,0.6820987,0.5091997,0.52632254,1.0446239,0.86490273,1.3528975,0.27264628,0.40223855,0.48142716,0.2148942,0.30735204,0.27151898,0.3248174,0.0,0.796048,0.29343235,0.39896554,0.0,0.39642447,0.6200281,0.15848681,0.1793434,0.2657445,0.11684532,0.20152852,0.2854093,0.13167113,0.0,0.07360668,0.14524953,0.14531685,0.10991923,0.2013088,0.0,0.0,0.08192184,0.10025204,0.39296,0.09925577,0.06709457,0.12873888,0.09950483,0.09707455,0.09504589,0.0,0.07328768,0.29765174,0.020442715,0.17784491,0.10174252,0.11598419,0.30862203,0.08424385,0.0,0.06409977,0.08893362,0.0,0.0,0.10392141,0.0,0.12580918,0.0,0.23189265,0.0,0.04863304,0.0,0.056478415,0.05506039,0.09015767,0.08200137,0.030187046,0.05767781,0.04233974,0.09724292,0.20577532,0.20879096,0.024505138,0.08696783,0.0775158,0.019167215,0.0,0.12622401,0.0,0.04081774,0.056379274,0.0,0.0,0.06289585,0.0,0.055475492,0.0,0.13621676,0.032451026,0.11492512,0.0,0.12897032,0.0,0.029130528,0.058036212,0.12787893,0.13480225,0.030234022,0.02089927,0.028845547,0.0,0.09706834,0.060393542,0.13360974,0.012888425,0.030729925,0.060566638,0.03687466,0.04686362,0.0,0.0,0.037036795,0.019876124,0.10573918,0.12744695,0.05483353,0.0,0.035184518,0.0521837,0.022803968,0.023343185,0.04057165,0.061162442,0.10575587,0.01973122,0.0,0.029843798,0.0,0.055230297,0.014663667,0.019845325,0.054229613,0.0,0.035971988,0.024236262,0.014451048,0.0,0.04800571,0.0,0.022030322,0.02713045,0.020660048,0.032614037,0.02251968,0.0,0.10007645,0.10484129,0.0,0.020283068,0.02035768,0.035574846,0.026013995,0.023258178,0.0,0.0133065805,0.06999078,0.030543214,0.024526661,0.032672722,0.0,0.025842289,0.013907026,0.048246536,0.078293726,0.029940192,0.015822116,0.0,0.036700387,0.041108005,0.0,0.0,0.016964912,0.0132833505,0.020930909,0.0,0.014820615,0.022246057,0.020538561,0.0,0.0,0.036192954,0.045851164,0.028596519,0.01299481,0.021625428,0.021385439,0.020775426,0.02114604,0.014495829,0.0609821,0.017592708,0.023888906,0.0,0.022502419,0.03700671,0.035408273,0.016771814,0.0,0.04887483,0.02113698,0.0,0.044209905,0.03715837,0.02576975,0.016211784,0.016501566,0.014750473,0.031160526,0.0,0.014380245,0.0,0.024729932,0.034911543,0.027396986,0.0,0.01796465,0.017623836,0.04061981,0.0,0.032308485,0.02262605,0.023065764,0.01820528,0.03845669,0.016424315,0.037914015,0.019846424,0.01741995,0.0,0.017875819,0.04517975,0.048762634,0.038858578,0.015950931,0.016678449,0.018494155,0.015860813,0.02794758,0.027937355,0.019003456,0.039741088,0.057516787,0.0,0.0,0.0,0.0,0.0,0.015293445,0.016968906,0.025090948,0.046074644,0.0,0.0,0.021996038,0.08755544,0.025212187,0.0135641,0.040341947,0.0,0.013224117,0.0,0.014111265,0.0
ERR11181233,7.9083705,6.020418,4.3585124,1.2543782,2.9426904,0.86455464,0.6500077,0.52906984,0.47371626,0.9029585,0.97712916,1.6534718,0.31566,0.5989311,0.43792194,0.23019941,0.36689326,0.29413655,0.12603545,0.0,0.8180327,0.34366623,0.35944492,0.0,0.30992597,0.56511617,0.1110728,0.16719842,0.073860794,0.1179376,0.13292968,0.2259223,0.10649293,0.031442434,0.078438714,0.16111863,0.14038807,0.123206384,0.17660412,0.024392737,0.0,0.072078235,0.12915295,0.30821759,0.084976554,0.06065443,0.11718201,0.1441503,0.07201556,0.078794986,0.0,0.081492916,0.30572543,0.016656417,0.138886,0.10224127,0.10280945,0.34325203,0.06346891,0.0,0.07449934,0.09443242,0.0,0.0,0.06707594,0.020655453,0.13546276,0.0165975,0.3231613,0.0,0.05063717,0.0,0.05792205,0.047181677,0.08823305,0.075596,0.046861563,0.052046508,0.040589303,0.060651883,0.2624195,0.27364814,0.05297344,0.06245539,0.07821918,0.032676116,0.0,0.05851162,0.0,0.04493026,0.048228495,0.0,0.0,0.047691356,0.096171014,0.030458076,0.090308666,0.09076628,0.038529098,0.0842581,0.0,0.07832921,0.0,0.0,0.07176899,0.078463554,0.11929529,0.15273808,0.021498866,0.025248885,0.0,0.085580416,0.05058722,0.07430265,0.08482429,0.0,0.06494732,0.028383622,0.0,0.0,0.09260768,0.028475743,0.022707013,0.096102,0.09045139,0.03754144,0.0,0.040608637,0.0,0.024751348,0.06985347,0.05178839,0.03613509,0.07268787,0.021397885,0.022818731,0.043688476,0.0,0.027394028,0.042028178,0.072006375,0.033085845,0.0,0.033442337,0.020394513,0.02850948,0.018870104,0.023488102,0.0,0.015467734,0.04615902,0.020299258,0.024233995,0.026904192,0.0,0.07502786,0.07467989,0.081896774,0.021959532,0.01721659,0.02956114,0.02286217,0.017420296,0.06768938,0.21461438,0.044914894,0.0,0.018121323,0.023222385,0.0,0.023956107,0.03757323,0.014862822,0.053109903,0.028038658,0.019269966,0.0,0.019996986,0.03126057,0.0,0.09547437,0.02563544,0.014796753,0.020507643,0.03426207,0.018771866,0.01967522,0.01700408,0.0,0.0,0.036745377,0.040192787,0.01854952,0.082919,0.038045328,0.016659195,0.01932636,0.017461099,0.01807658,0.05155049,0.03244673,0.018476717,0.0,0.0,0.024609065,0.038172938,0.015064579,0.0,0.03323982,0.016502943,0.013871646,0.03244633,0.036453236,0.021424346,0.026235469,0.021958748,0.018124657,0.02886637,0.0,0.015598325,0.0,0.021781335,0.020306833,0.025788477,0.0173201,0.0,0.037459526,0.027663795,0.0,0.03313945,0.022162115,0.0,0.018955847,0.0,0.02235633,0.027747186,0.023858178,0.031606372,0.0,0.0,0.029774334,0.026527366,0.031629197,0.051832803,0.015601459,0.012983422,0.015324345,0.013915815,0.017775344,0.017184358,0.0,0.022377275,0.019085247,0.031607118,0.0,0.0,0.09448336,0.0,0.026598342,0.023938889,0.021179108,0.0,0.0,0.015299644,0.013681828,0.0,0.021188455,0.015054986,0.0,0.015056205,0.0,0.02373826,0.0
ERR11181234,5.6340146,4.4412966,3.0546386,2.1704876,1.8175159,2.1312656,1.885982,1.5929056,1.1124362,0.8550865,0.4629694,0.38075176,0.5019483,0.29492468,0.47914714,0.77667975,0.69695485,0.5505122,0.2700915,0.0,0.29540083,0.29649964,0.33868933,0.0,0.28748414,0.21029755,0.45411283,0.32625788,0.08638017,0.2720128,0.11682714,0.20570284,0.102303356,0.0,0.14979884,0.07487423,0.1731048,0.3280165,0.16328749,0.0,0.0,0.28451332,0.20048657,0.17292811,0.15362395,0.0630024,0.22359104,0.13302335,0.17151205,0.17364751,0.0,0.21000183,0.09199526,0.07643924,0.12268302,0.068503976,0.09703694,0.057641435,0.0758611,0.0,0.16982749,0.06764399,0.0,0.0,0.07883383,0.013544728,0.16378663,0.0,0.035388257,0.0,0.16432758,0.0,0.10715121,0.073656514,0.080446616,0.0563367,0.025814934,0.11591652,0.2699804,0.16889396,0.044419967,0.040547803,0.022589505,0.0646204,0.074565835,0.0,0.052805565,0.087972865,0.0,0.0,0.05630506,0.0,0.0,0.05220239,0.0,0.051682025,0.0,0.091737896,0.05307502,0.07553439,0.0,0.13002586,0.0,0.02861438,0.085486695,0.1125847,0.030613221,0.0437495,0.0,0.039573256,0.0,0.0,0.018576665,0.035625663,0.0,0.030263599,0.050385054,0.030608483,0.022831285,0.0,0.09969681,0.057958502,0.07820648,0.029650798,0.032343283,0.061494116,0.0,0.030381009,0.016199522,0.07235373,0.065672085,0.013512909,0.038614668,0.04322657,0.07260478,0.0,0.04154357,0.0,0.04995706,0.0,0.0,0.04511234,0.06724368,0.023397675,0.037418284,0.05554985,0.014322017,0.024119254,0.0,0.03723299,0.036473133,0.06347519,0.05065471,0.050091803,0.0,0.025474437,0.025516173,0.0,0.045520347,0.0,0.01984685,0.046290696,0.020644337,0.0,0.01789478,0.06378672,0.0,0.024155634,0.042437464,0.0,0.016306633,0.02452089,0.059302405,0.021068215,0.04180438,0.032810055,0.0,0.015014398,0.035989232,0.014366884,0.0,0.0,0.038595334,0.011830485,0.016475698,0.031615905,0.013417875,0.02221096,0.0,0.0,0.04842492,0.047828127,0.020849431,0.0,0.035950404,0.040762737,0.021652026,0.027113294,0.014621339,0.04385681,0.015934529,0.0213644,0.02197386,0.0,0.032447252,0.04615328,0.022291457,0.0,0.042524666,0.02294977,0.0,0.022178426,0.04539823,0.018889612,0.06645806,0.0145216705,0.031785034,0.035391178,0.0,0.013152297,0.0,0.0,0.062182482,0.024211073,0.019556899,0.0,0.0,0.03350679,0.04313666,0.042899046,0.018247273,0.019484874,0.029822445,0.03694943,0.019052526,0.030801777,0.011819298,0.047346815,0.0,0.0152551485,0.03187543,0.031141315,0.025416853,0.0,0.028625732,0.020845404,0.033285033,0.012579475,0.05178839,0.015637591,0.02684654,0.014482591,0.0,0.0,0.0,0.0,0.0,0.016392915,0.0,0.023676801,0.023972487,0.0,0.0,0.050085306,0.0,0.012206469,0.01444141,0.01938061,0.0,0.0,0.0,0.011519093,0.0
ERR11181235,2.5992234,2.014617,1.4509737,1.418085,0.83175457,1.0026139,0.6958335,0.563164,0.61764526,0.95396805,0.24502057,0.24664174,0.26267317,0.57083374,0.6854323,0.2886128,0.24289127,0.2031352,0.12768036,0.0,0.17914762,0.3822854,0.58332616,0.0,0.37139496,0.16225469,0.59107065,0.22685824,0.8069887,0.17894143,0.3062027,0.31079715,0.13721056,0.09807568,0.17034101,0.21711156,0.12684377,0.16650993,0.18254077,0.057462923,0.0,0.38843372,0.11780988,0.120326586,0.10236299,0.052811034,0.17889157,0.09773878,0.28062767,0.100566015,0.0,0.10018321,0.07635647,0.03412144,0.12986484,0.11047555,0.13245538,0.07663734,0.122197114,0.18555447,0.103468806,0.11264403,0.0,0.0,0.060257852,0.076544024,0.12588456,0.0,0.06273884,0.0,0.18303987,0.20804703,0.08629881,0.12927915,0.08552814,0.115844496,0.05639614,0.064740404,0.17432456,0.0602192,0.052897513,0.045432385,0.06275333,0.08131716,0.10330971,0.04956538,0.025352921,0.047013767,0.0,0.041837852,0.0604252,0.0,0.0,0.03773484,0.05172117,0.048426274,0.033660475,0.07256438,0.08316234,0.077767305,0.019399408,0.06470754,0.0,0.05534306,0.06926473,0.06554626,0.037438918,0.01927966,0.016963502,0.05070001,0.0,0.0,0.044248935,0.045623627,0.024299825,0.050821792,0.061476022,0.029971424,0.021694941,0.0,0.05144018,0.055379983,0.082401805,0.027933916,0.032362085,0.045249518,0.0,0.032351367,0.018632682,0.07285668,0.029895935,0.02707963,0.032271557,0.024503108,0.08003482,0.04098129,0.04266268,0.0,0.04356626,0.022311505,0.03794824,0.038011726,0.087120436,0.051390972,0.05460121,0.038571354,0.035749782,0.035874195,0.01889027,0.0529337,0.030276706,0.029410202,0.042269327,0.026468439,0.031707752,0.02709413,0.022092577,0.034080934,0.026835635,0.030160384,0.025649128,0.037774347,0.026892249,0.022287281,0.03377162,0.043577902,0.01920287,0.028850196,0.05041912,0.0,0.018484687,0.032698322,0.051153358,0.024606768,0.03837264,0.039174195,0.0,0.025072843,0.041001365,0.14271066,0.035210703,0.025443828,0.035957325,0.028090764,0.032501925,0.041154765,0.0308245,0.025474444,0.0,0.029094227,0.03843773,0.038284987,0.047648527,0.029096738,0.01759168,0.020434545,0.026573297,0.022577958,0.01860823,0.030180091,0.03247358,0.031366,0.06642792,0.0,0.029428288,0.036596734,0.023663595,0.0,0.031394273,0.021806011,0.018022675,0.01927724,0.033992566,0.022530477,0.022842363,0.01792644,0.041473374,0.03316573,0.0,0.019241627,0.015902057,0.0,0.028632198,0.022581626,0.026794137,0.04799546,0.017855583,0.02099909,0.06676128,0.032829322,0.018867405,0.043675277,0.030615292,0.018408362,0.041530423,0.022033501,0.0,0.016147181,0.08727046,0.021730477,0.01967726,0.017192854,0.015798751,0.0,0.03086765,0.017202305,0.021978116,0.04094477,0.025108086,0.016575586,0.030951263,0.0,0.025737934,0.039826006,0.0,0.0,0.026160188,0.01877563,0.0,0.021401113,0.0,0.0,0.03584907,0.019793632,0.0,0.0,0.0,0.0,0.0,0.0,0.0,0.0,0.0
ERR11181236,1.2675877,1.2738854,0.8171806,4.4002876,0.18018924,4.7515206,5.031178,4.067623,2.1301944,0.78909725,0.5941058,0.04248453,1.0372858,0.27517766,0.31283417,1.9216565,0.9287675,1.2638098,0.4593321,0.0,0.025523838,0.28592145,0.14313272,0.0,0.21446997,0.07299443,0.07171245,0.61400634,0.025893653,0.52365196,0.06567479,0.13972338,0.07156435,0.0,0.09499417,0.0,0.19989143,0.64977574,0.14316276,0.0,0.0,0.0,0.36423674,0.017632974,0.2622921,0.10610259,0.10698597,0.22404054,0.04355882,0.3536052,0.0,0.43380305,0.0,0.20901577,0.074602276,0.038020156,0.029810859,0.045054976,0.0,0.0,0.21412331,0.034407932,0.0,0.0,0.17160238,0.0,0.03568385,0.0,0.0,0.0,0.0,0.0,0.16161354,0.017953992,0.05982497,0.018016228,0.03419152,0.18265797,0.0,0.16127156,0.0,0.0,0.03565645,0.040292963,0.038427033,0.0,0.14104183,0.101747066,0.0,0.0,0.039500438,0.0,0.0,0.06589257,0.0,0.015948743,0.0,0.027986266,0.018473329,0.027934523,0.0,0.042118628,0.0,0.0,0.015239492,0.033292282,0.0,0.059824765,0.0,0.0,0.0,0.016626874,0.0,0.018236073,0.0,0.0,0.046407983,0.019677827,0.0,0.0,0.11305056,0.020687489,0.0,0.0,0.0,0.017104227,0.0,0.027501782,0.0,0.0,0.06483189,0.015255926,0.0,0.0,0.0,0.0,0.008504858,0.0,0.020823319,0.0,0.0,0.013124035,0.0,0.0,0.0,0.05297182,0.0,0.0,0.0,0.0,0.028638955,0.09775942,0.02008836,0.071120955,0.0,0.0,0.0,0.0,0.07764506,0.0,0.022875797,0.014527164,0.025952416,0.0,0.01909564,0.014348433,0.0,0.020827403,0.017510517,0.0,0.025451615,0.018974517,0.023532743,0.017110229,0.0092894295,0.0,0.0,0.012537244,0.03757636,0.013445202,0.0,0.0,0.03229618,0.0,0.016354682,0.013363653,0.0,0.015926318,0.0,0.0,0.042354126,0.013642661,0.013344235,0.0,0.05522905,0.058625065,0.01167986,0.0149480365,0.013678691,0.018186837,0.0,0.016301807,0.0,0.0,0.0,0.008784246,0.023533896,0.0,0.016177528,0.027251953,0.0,0.021866562,0.009524085,0.010980668,0.031599242,0.017101526,0.0,0.02999837,0.0,0.011766381,0.0,0.0,0.08715587,0.0,0.013663363,0.0,0.0,0.017055111,0.0,0.0,0.013974313,0.0,0.026699359,0.009060238,0.0,0.015454513,0.014216332,0.030864904,0.0,0.01427473,0.019901868,0.022242257,0.0212502,0.0,0.01693224,0.017071515,0.03155161,0.0,0.0729502,0.013383173,0.035366345,0.06698829,0.0,0.0,0.0,0.0,0.0,0.0,0.016983593,0.0,0.031027302,0.0,0.0,0.0872457,0.010546629,0.0,0.01333323,0.009088131,0.0,0.0,0.0,0.0,0.0
ERR11181237,1.9961101,1.6505076,1.2119825,3.6600971,0.565996,2.7238064,2.4294293,2.335858,2.0653136,1.1724668,1.8866305,0.40380588,0.6283417,2.048405,1.1488284,1.1240215,0.07448696,0.6552812,0.049776398,0.0,0.18317004,0.9590224,1.1228637,0.0,0.5688139,0.19305079,0.4460215,0.08683477,0.1827967,0.42166534,0.2217766,0.5147689,0.17749657,0.04364682,0.2379896,0.058719497,0.13157263,0.4456343,0.32912883,0.022607313,0.0,0.24513026,0.047066398,0.123060115,0.05022154,0.06005757,0.03355616,0.04720822,0.52060425,0.038966786,0.0,0.04482351,0.07872051,0.0,0.1887758,0.13514994,0.10167547,0.046953674,0.35680056,0.016109215,0.17437172,0.16142295,0.0,0.25369126,0.022852965,0.028095879,0.08270187,0.0,0.04411235,0.0,0.1097206,0.01389512,0.115828104,0.063749515,0.059097834,0.11469153,0.014512253,0.03689458,0.09837547,0.12257364,0.041634195,0.030457504,0.0,0.08087201,0.05819394,0.013816438,0.0,0.04116865,0.0,0.0,0.08420804,0.0,0.0,0.07396508,0.0,0.116650686,0.0,0.104612276,0.2402369,0.13647445,0.0,0.09760895,0.0,0.0,0.036721554,0.0824616,0.03300239,0.03801622,0.0,0.08127219,0.0,0.0,0.14032994,0.0,0.0,0.0,0.10892188,0.033176802,0.14450747,0.0,0.078632966,0.09539857,0.05153708,0.022944083,0.026266614,0.0928235,0.0,0.061754066,0.097076185,0.045140315,0.041167933,0.02614595,0.0,0.01574763,0.048979387,0.025777575,0.012483534,0.0,0.073325366,0.03316528,0.0,0.070399225,0.022807548,0.11470713,0.15802765,0.017800225,0.031308953,0.050814386,0.0,0.110718265,0.024481526,0.015234661,0.07333462,0.016332997,0.0159207,0.016791936,0.015376465,0.0,0.01154855,0.014185931,0.019990843,0.07843956,0.0,0.0,0.0,0.049970713,0.022020275,0.028070165,0.062790334,0.0,0.017243149,0.024532134,0.0,0.017178372,0.0,0.11104143,0.0,0.028419636,0.074066415,0.0,0.0,0.015262346,0.018065002,0.018186409,0.01858067,0.0676508,0.015433535,0.031482182,0.0,0.0,0.05578414,0.018365566,0.0,0.0,0.028285587,0.01174921,0.04086037,0.0323874,0.024732456,0.026805345,0.033368096,0.021074412,0.02083335,0.03019442,0.0,0.019881187,0.0,0.0,0.036474843,0.0,0.0,0.018522236,0.019158376,0.035116732,0.021528559,0.021461304,0.10396978,0.049272586,0.0,0.023424812,0.010887812,0.0,0.051330265,0.0,0.015042577,0.0,0.01599512,0.034811772,0.022510344,0.01819361,0.02627532,0.0,0.023413088,0.0,0.026561758,0.013360669,0.0,0.019273195,0.0,0.013987292,0.016119752,0.011734453,0.018456792,0.0,0.03307084,0.0,0.015935019,0.0,0.041544966,0.0,0.01472689,0.0,0.0149672935,0.017151432,0.0,0.0,0.0,0.03573977,0.0,0.011527868,0.010368912,0.0,0.0,0.049710073,0.0,0.0,0.0,0.0,0.0,0.0,0.0,0.0,0.0
ERR11181238,1.5808063,1.202011,0.9080195,0.9168835,0.539851,0.47925338,0.22391859,0.15697043,0.4389504,0.6622768,0.23754023,0.33937424,0.2997078,0.6570881,0.4153855,0.07779,0.15813375,0.1313622,0.064749464,0.0,0.1595831,0.38436347,0.3307803,0.0,0.24373831,0.13270074,0.3458686,0.14363271,0.5004088,0.14925882,0.21988036,0.1982666,0.271865,0.6106488,0.40623575,0.11824537,0.12712961,0.099879295,0.14351727,0.2297835,1.5950929,0.18463705,0.08000304,0.072616436,0.0739244,0.081693515,0.07488536,0.07323047,0.17688744,0.062384605,1.4167798,0.053221215,0.05179479,0.018054554,0.094642706,0.09646931,0.0963042,0.074334376,0.13556239,0.26073477,0.04978138,0.103757024,0.0,0.7830867,0.05354287,0.12623191,0.04739024,0.3757808,0.1016019,1.2505108,0.06313095,0.2866207,0.07222269,0.10782143,0.06128787,0.10157111,0.054417573,0.04860127,0.053134333,0.027525943,0.04737026,0.050027262,0.04575338,0.06653879,0.03442333,0.042545397,0.0,0.0,0.0,0.048896603,0.119419016,0.033278327,0.43233308,0.0,0.029759709,0.047652643,0.020490458,0.0386931,0.090984605,0.04385461,0.026730482,0.03607907,0.0,0.17445934,0.027989112,0.038659383,0.032810822,0.0,0.019115256,0.035393756,0.048139095,0.0,0.049028777,0.022032727,0.013781107,0.034785718,0.06923678,0.112405606,0.03713917,0.0,0.029118892,0.043301813,0.029936032,0.02202764,0.019232355,0.037083555,0.049593963,0.049332764,0.028299574,0.026539465,0.01954109,0.029258354,0.024127508,0.013593746,0.031311076,0.036923844,0.0,0.0,0.033425655,0.03183912,0.0723753,0.02935048,0.030372566,0.056930948,0.040605824,0.033119075,0.025907982,0.026365034,0.031317294,0.034440696,0.03243702,0.017411612,0.03230682,0.021185746,0.03051762,0.021354353,0.016737623,0.019251278,0.018630117,0.036306772,0.020801155,0.026467884,0.023239896,0.017374901,0.024591459,0.024424432,0.017928192,0.023611534,0.032952122,0.0,0.020159338,0.032698758,0.038577143,0.020812087,0.0148325125,0.031174589,0.0,0.01778781,0.046538383,0.105826534,0.01649829,0.023877304,0.023817219,0.020232122,0.029284518,0.029731257,0.019802343,0.03957705,0.0,0.017812658,0.032212798,0.0,0.036204077,0.04407576,0.0,0.0138244415,0.02529593,0.0164304,0.02458541,0.0,0.052587885,0.025532639,0.048017796,0.0,0.015946286,0.013467779,0.020717558,0.0,0.025214849,0.01777579,0.01907824,0.017871978,0.012708797,0.036448512,0.0,0.034251373,0.028463682,0.026576517,0.0,0.020245224,0.015454248,0.022554629,0.0,0.02243577,0.029055052,0.047037583,0.028951643,0.013992678,0.04147182,0.012498784,0.021354912,0.029286291,0.018703066,0.0,0.038065333,0.0,0.023654921,0.0,0.054404486,0.027699886,0.0,0.0,0.0,0.019570818,0.0289693,0.020001605,0.014445976,0.022802813,0.0,0.021166712,0.02450385,0.0,0.023323651,0.021259598,0.117595635,0.11870764,0.04108703,0.10004892,0.02350023,0.0,0.0,0.0,0.017332299,0.0,0.0,0.018650161,0.018711695,0.0,0.0,0.031136293,0.0,0.019322818,0.1447377
ERR11181239,0.41233826,0.273836,0.23764567,0.2187419,0.10237119,0.1274307,0.06595439,0.05152097,0.15510002,0.3757078,0.040861167,0.040668897,0.033637077,0.045223724,0.11709565,0.02980949,0.36553583,0.026180875,0.7640814,0.0,0.044106532,0.052918807,0.02950319,0.0,0.10002836,0.04509869,0.05164894,0.2585766,0.3394534,0.6103576,0.22487283,0.07793473,0.043526795,0.04346446,0.23215498,0.0359806,0.020816112,0.057229433,0.057358142,0.02380136,0.0,0.05908151,0.11186464,0.029188804,0.28788105,0.0,0.0,0.16788648,0.09015114,0.13433503,0.0,0.058364972,0.018450145,1.3738228,0.033953004,0.03914064,0.052720357,0.0,0.0,0.013489203,0.14343517,0.035161454,0.0,0.0,0.12617618,0.026000654,0.0,0.0,0.029251017,0.0,0.04187197,0.0,0.0,0.029522467,0.054205336,0.038286425,0.08116309,0.08449609,0.021226197,0.0,0.021520028,0.01899636,0.037232574,0.069079116,0.0,0.08804502,0.7111837,0.0,0.0,0.055360515,0.048746496,0.0,0.0,0.0,0.0,0.0362783,0.0,0.0,0.030708728,0.0,0.016408226,0.0,0.0,0.0,0.0,0.0,0.0,0.0,0.0,0.03287335,0.024033163,0.0,0.013536517,0.0,0.0,0.0,0.0,0.0,0.036475852,0.0,0.0,0.061375055,0.026020164,0.0,0.0,0.018584315,0.0,0.0,0.025054483,0.022827575,0.0,0.029949347,0.0,0.0,0.024717119,0.012746747,0.0,0.0,0.02614533,0.016661184,0.0,0.0,0.03288682,0.01607949,0.037168693,0.0411394,0.016529033,0.024924554,0.0,0.05820145,0.04505865,0.0,0.03329267,0.02062777,0.013540909,0.0,0.0,0.0,0.01930382,0.0,0.049336072,0.021868555,0.044587724,0.0,0.0,0.0,0.0,0.023423212,0.023189522,0.0,0.036546905,0.013430688,0.0,0.0,0.0,0.03883257,0.0,0.02355814,0.0,0.0,0.0,0.0,0.06306029,0.0,0.036722917,0.025211543,0.024639668,0.027495366,0.0,0.09344552,0.0,0.0,0.0,0.0,0.0,0.025949974,0.0421367,0.0,0.0,0.0,0.0,0.032236136,0.030420292,0.0,0.0,0.0,0.031034686,0.0,0.0,0.024062129,0.0,0.0,0.0,0.0,0.0,0.021789322,0.026694965,0.0,0.0,0.0,0.0,0.0,0.0,0.0,0.0,0.0,0.0,0.0,0.032110147,0.0,0.04360424,0.0,0.0,0.0,0.0,0.0,0.0,0.0,0.0,0.016806835,0.0,0.0,0.0,0.0,0.0,0.0,0.0,0.0,0.0,0.0,0.0,0.0,0.0,0.0154482145,0.0,0.0,0.0,0.0,0.0,0.0,0.0,0.0,0.03585865,0.0,0.0,0.0,0.0,0.0,0.0,0.0,0.0,0.0,0.0
ERR11181240,1.9604858,1.6286358,1.1787087,2.2031546,0.47602707,2.0734594,2.23342,1.6996936,1.1872308,1.3683194,0.3729453,0.110611096,0.47654244,0.29245427,0.46878532,0.7531172,1.811327,0.64201605,2.8200126,0.0,0.09216561,0.26666528,0.06874406,0.0,0.41663316,0.077294506,0.07603801,1.0829341,0.0,0.21937604,0.19922203,0.1700217,0.11799863,0.0,0.071252115,0.062186077,0.17085865,0.29076323,0.18185025,0.0,0.0,0.040762343,0.5377123,0.045898847,0.6441628,0.07049475,0.7058725,0.4462965,0.050785214,0.46659482,0.0,0.33249077,0.021445304,0.13268562,0.13395397,0.050812557,0.075675175,0.035804547,0.0,0.0,0.16797987,0.046816517,0.0,0.0,0.34512722,0.0,0.25615987,0.0,0.0,0.0,0.023335436,0.0,0.1352857,0.02796963,0.14057955,0.026472831,0.099728465,0.24675336,0.048502285,0.1610981,0.0,0.0,0.059890877,0.12059706,0.13723405,0.04509453,0.07320153,0.22785506,0.0,0.0,0.07402977,0.0,0.0,0.047356054,0.0,0.02506098,0.0,0.022923768,0.036812358,0.019443294,0.0,0.032999523,0.0,0.061322074,0.21694475,0.030399207,0.0,0.043028317,0.0,0.0,0.0,0.15667674,0.0,0.050135925,0.0,0.077330425,0.0,0.0639249,0.018165529,0.0,0.063503645,0.038277924,0.0,0.0,0.0,0.020398939,0.0,0.022408538,0.0,0.0,0.05110369,0.035937678,0.04001351,0.03267037,0.0,0.0,0.24756016,0.0,0.03307722,0.0,0.0,0.019599441,0.0,0.0,0.0,0.09432294,0.0,0.022781515,0.0,0.02494016,0.048037108,0.11062001,0.032761116,0.096377656,0.0,0.0,0.0,0.0,0.090426445,0.0,0.04466931,0.022716418,0.04737245,0.0,0.056766,0.01867865,0.0,0.04286158,0.028000843,0.0,0.043514874,0.029208874,0.037577976,0.0,0.13369977,0.02405997,0.0,0.039410472,0.02465113,0.031060344,0.0,0.0,0.11449271,0.02295259,0.0,0.050212227,0.022248441,0.02277825,0.0,0.0,0.024630444,0.11224851,0.023040755,0.0,0.04913082,0.10428754,0.024327552,0.050786283,0.0,0.05945014,0.0,0.0528174,0.053009443,0.0,0.09044615,0.09536801,0.0821981,0.0,0.023030415,0.067635074,0.0,0.037496712,0.09230543,0.019705249,0.05191669,0.0,0.0,0.023302393,0.0,0.018969897,0.0,0.0,0.030087452,0.06263344,0.018702833,0.0,0.0,0.025939679,0.0,0.08274282,0.028734902,0.017717933,0.03510105,0.17050868,0.0,0.07218707,0.015909957,0.042234357,0.0,0.032698616,0.06468973,0.054899372,0.057934433,0.0,0.020420648,0.024982776,0.048417345,0.025632018,0.025833983,0.037380688,0.049728636,0.084718145,0.0,0.0,0.0,0.0,0.0,0.0,0.0,0.051317144,0.08183521,0.0,0.0,0.022678604,0.023553086,0.049783297,0.01806295,0.07871848,0.0,0.0,0.0,0.027746096,0.0
ERR11181241,3.1084003,2.3950539,1.7558057,1.5970215,1.0089597,1.0555532,0.8166524,0.65166616,0.7705453,1.113563,0.3145423,0.29889464,0.27980027,0.52913064,0.60152584,0.31606832,0.3384,0.274577,0.25698936,0.0,0.21935548,0.40067473,0.51166797,0.0,0.35121572,0.17893647,1.0073807,0.23230883,0.18774484,0.21305637,0.26418284,0.28112122,0.14217006,0.16343541,0.21568172,0.08099959,0.1309316,0.1944918,0.1954171,0.111163236,0.0,0.60355985,0.13358456,0.11831349,0.11073347,0.069576345,0.20058128,0.122568324,0.22550128,0.10242829,0.0,0.07937541,0.10141502,0.030999858,0.16046605,0.12286493,0.17524584,0.054642502,0.16684799,0.17284921,0.11752797,0.10300103,0.0,0.045625217,0.05842596,0.28297982,0.14657971,0.0,0.095552064,0.0,0.31191868,0.18006986,0.086536065,0.20637342,0.10325899,0.12995964,0.049981084,0.057118244,0.20636263,0.050302237,0.07564707,0.06598749,0.024483513,0.14940073,0.19943823,0.055722058,0.0,0.11314925,0.0,0.02028432,0.07342005,0.0,0.0,0.01655617,0.08353091,0.07149624,0.069699004,0.062332463,0.06001374,0.06169603,0.08435526,0.052074786,0.0,0.042746767,0.09196051,0.05077245,0.042803533,0.0,0.0,0.15274718,0.0,0.015250877,0.08417923,0.048352424,0.058955543,0.052823067,0.050133046,0.03185668,0.045921855,0.0,0.023324376,0.06399115,0.16100697,0.027014049,0.03273261,0.06419269,0.0358778,0.06351182,0.045796607,0.15742968,0.019589702,0.018035378,0.06034484,0.028057335,0.15320385,0.038188633,0.049377464,0.0,0.04826706,0.06660401,0.02123701,0.057142753,0.20805141,0.051823758,0.064894125,0.03252804,0.038948935,0.05984542,0.038096208,0.05458893,0.019868577,0.02333758,0.05357491,0.020649469,0.10544912,0.022463623,0.023142653,0.05325272,0.02287615,0.06818614,0.021501634,0.060541935,0.022708261,0.044612482,0.029915871,0.03497324,0.04976926,0.040053073,0.040864985,0.0,0.028202299,0.039649535,0.0522643,0.030145276,0.043683656,0.045357425,0.0,0.018151453,0.03571484,0.047196597,0.049287736,0.11408881,0.028803827,0.027982544,0.034504697,0.062320184,0.030292641,0.026297241,0.0,0.05413616,0.02560024,0.0486254,0.023337428,0.017270822,0.021766337,0.019989716,0.030880678,0.029895974,0.029040061,0.043296337,0.039256487,0.03679734,0.057028737,0.020096991,0.03225218,0.043210328,0.022028074,0.037079737,0.029400073,0.019701663,0.053905286,0.019100035,0.042881466,0.01490241,0.01618791,0.034115065,0.049641363,0.032056354,0.0,0.020030115,0.14207979,0.0,0.0,0.02974936,0.023235992,0.056088235,0.027819928,0.027601251,0.10025472,0.036994066,0.0229557,0.11608091,0.03242122,0.026099583,0.04339897,0.030532029,0.015957275,0.015924007,0.046564654,0.020087356,0.028305123,0.027719645,0.031912375,0.0,0.04346536,0.025970839,0.045451336,0.016987782,0.015881337,0.022022977,0.020044139,0.014583795,0.028972007,0.0635635,0.0,0.0,0.016646197,0.022932151,0.012075716,0.025640072,0.019675244,0.019505614,0.026710894,0.0,0.0,0.024314355,0.02688381,0.015451618,0.0,0.019618645,0.0,0.020746505,0.0
ERR11181242,9.6763525,7.3834925,5.131031,1.2393523,3.3385308,0.974386,0.66679883,0.42940006,0.44343114,0.6740069,0.9323808,1.5242432,2.0000107,0.7879044,0.30875772,0.17563587,0.20981893,0.6461474,0.11629472,0.0,0.7498596,0.57264423,0.22597662,0.0,0.23422992,0.45285326,0.049170844,0.10850081,0.16054654,0.086801685,0.08964508,0.1454827,0.3112501,0.024413934,0.27125907,1.3143896,0.98476124,0.124332614,0.18512322,0.022011595,0.0,0.03512624,0.06822105,0.30589104,0.09408036,0.115920514,0.0822389,0.081574924,0.06472285,0.046518154,0.0,0.037698176,0.33243126,0.02062249,0.087213255,0.15342452,0.07789732,0.11025902,0.014909543,0.0,0.055808455,0.14805496,0.0,0.0,0.027056418,0.01882684,0.15856332,0.0,0.08654456,0.0,0.019422278,0.0,0.13140629,0.08283632,0.059515566,0.08663331,0.019786876,0.02873572,0.01092253,0.06679736,0.1543478,0.11986402,0.012141331,0.054553118,0.072284706,0.0147246905,0.0,0.05721216,0.0,0.012012576,0.046997186,0.0,0.0,0.024862807,0.0,0.025074605,0.0,0.03424113,0.033825103,0.030059937,0.0,0.033000953,0.0,0.016322503,0.04145091,0.03601704,0.059916787,0.0,0.4488998,0.019797735,0.0,0.0,0.0,0.04490418,0.0,0.02705862,0.06860688,0.017928991,0.0,0.0,0.0,0.020351663,0.0,0.06849971,0.062893294,0.023307806,0.0,0.042065617,0.0,0.0,0.0094553465,0.0,0.0722501,0.061622407,0.008681369,0.014352104,0.022317413,0.0,0.0182523,0.01746115,0.024701456,0.019955412,0.0,0.0,0.014843711,0.014910887,0.020949014,0.013608036,0.0,0.0152366,0.010004709,0.01703463,0.018914767,0.013850426,0.0,0.04674617,0.047428217,0.0,0.013795825,0.01570679,0.010797333,0.016128229,0.010510492,0.0,0.0,0.025776278,0.0,0.018821105,0.014595136,0.0,0.00902167,0.011572691,0.032886952,0.03642813,0.032375187,0.014584218,0.0,0.0,0.049407743,0.018102484,0.0,0.0,0.011164725,0.01808477,0.013559878,0.014832216,0.012584375,0.015997818,0.0,0.0,0.040536318,0.022103947,0.022588829,0.054399848,0.022075081,0.013738771,0.04532609,0.033270415,0.059958003,0.02754193,0.0,0.013241296,0.01624344,0.0,0.06319655,0.028450923,0.009694267,0.0,0.023183899,0.009598046,0.0,0.04870162,0.023102991,0.058445275,0.009418435,0.113038965,0.013953993,0.02559643,0.0,0.039942343,0.0,0.2013467,0.0207343,0.033702854,0.016992113,0.022339579,0.053284414,0.014058948,0.0,0.032709856,0.04844661,0.017789647,0.014883255,0.028665336,0.00915385,0.043850526,0.08233487,0.0110578025,0.012024693,0.013567925,0.01639223,0.026944917,0.016593944,0.034362335,0.0119679,0.034597345,0.009450976,0.04859615,0.016497936,0.029469319,0.012059306,0.06190884,0.0,0.0,0.0,0.0,0.0,0.0,0.1173827,0.030844694,0.015659565,0.0,0.0,0.014093454,0.11473782,0.0499249,0.0,0.048868682,0.018580936,0.13504839,0.0,0.021663448,0.0
ERR11181243,5.329985,4.3084974,2.8861363,2.6260293,1.6923381,2.6168976,2.5932405,2.0450768,1.3421804,0.9258969,0.52244765,0.35997877,0.5835293,0.22522004,0.44975305,0.95824826,0.56273985,0.6986509,0.54372615,0.0,0.27409813,0.26079267,0.30536634,0.0,0.30850682,0.14751832,0.23219755,0.3348818,0.032614216,0.23828298,0.097247034,0.20391777,0.4951034,0.0,0.11177533,0.06363419,0.17089416,0.35923257,0.16211982,0.0,0.0,0.14959525,0.16602448,0.109125845,0.15174489,0.075926565,0.4192581,0.12228369,0.07363006,0.15212284,0.0,0.112732604,0.053806424,0.030681934,0.13459131,0.03665506,0.09133796,0.05248973,0.038963486,0.0,0.14619032,0.026818223,0.0,0.0,0.09466529,0.019476196,0.18642227,0.0,0.024412178,0.0,0.10739106,0.0,0.1477125,0.037378535,0.08828494,0.017470866,0.031262122,0.08608759,0.049394254,0.16378047,0.026243825,0.033391587,0.017617913,0.06944219,0.1957787,0.017305674,0.018016681,0.39858893,0.0,0.0,0.0619698,0.0,0.0,0.05579032,0.019436039,0.031465564,0.017840704,0.038151164,0.026872853,0.03569587,0.0,0.03417127,0.0,0.061995663,0.09902231,0.036218707,0.015085261,0.05540751,0.01596645,0.0127301365,0.0,0.047707766,0.03229141,0.022500917,0.017842198,0.042129695,0.024728179,0.024837814,0.0092188185,0.0,0.1102815,0.0334853,0.057412874,0.015635101,0.019636566,0.041248914,0.031312156,0.035232134,0.008556356,0.06002736,0.05020037,0.01617651,0.03696557,0.042345002,0.050811414,0.0,0.0470388,0.0,0.025739858,0.015287538,0.0,0.03964025,0.02551318,0.02210308,0.015397446,0.019896477,0.0,0.0119518405,0.0,0.018721329,0.01233939,0.05936597,0.027684385,0.04405738,0.009685891,0.016258396,0.020142013,0.011643242,0.042969543,0.011562165,0.019179443,0.026398757,0.020782888,0.016142625,0.027724791,0.023623273,0.0,0.023445405,0.02784678,0.0,0.02284729,0.017742727,0.024610745,0.020372886,0.10367039,0.014919187,0.0,0.018430926,0.035877846,0.012734726,0.011970771,0.014495408,0.019268902,0.010407828,0.011193363,0.026348932,0.014136822,0.024026092,0.0,0.0,0.030317212,0.057579555,0.01685395,0.0,0.045782294,0.06183795,0.010785707,0.023302568,0.010017882,0.05967831,0.015143592,0.020736422,0.01681772,0.0,0.058707006,0.059523355,0.021088544,0.0,0.024998592,0.026796125,0.013000281,0.032142792,0.05655745,0.011226467,0.027517831,0.0,0.015181482,0.030351702,0.0,0.010282792,0.0,0.007576498,0.040022053,0.046655558,0.013002863,0.0,0.011775143,0.035565764,0.008901166,0.05210305,0.0137808295,0.028283913,0.026987245,0.049433347,0.019009072,0.07810996,0.011336326,0.032929134,0.012003121,0.015588426,0.13942783,0.09354413,0.15037385,0.0,0.024831843,0.03545166,0.027880097,0.018817924,0.031609032,0.023837829,0.020415818,0.06545985,0.008455898,0.0,0.0,0.0,0.0,0.012875218,0.0074125575,0.04343599,0.09356233,0.0,0.010084387,0.025294404,0.020223945,0.03357203,0.016150674,0.064482465,0.0,0.0,0.0,0.016339326,0.00851046
ERR11181244,1.8597031,1.4299825,1.0858794,0.63830733,0.6662593,0.43047476,0.3886837,0.29329905,0.32419968,0.5124704,0.25202554,0.33272296,0.24664211,0.21106099,0.1676237,0.13689506,0.11732061,0.18549438,0.085213,0.0,0.21341191,0.15843709,0.0885235,0.0,0.13600504,0.16871232,0.29929328,0.09965588,0.4559169,0.06426829,0.16404371,0.10045763,0.13262162,1.0257871,0.07105287,0.077966705,0.16935715,0.076152675,0.06876275,0.66896075,0.0,0.14815116,0.061486673,0.11419624,0.039307512,2.1443472,0.21260034,0.05022488,0.12976345,0.06164639,0.0,0.035804737,0.09293123,0.0,0.06768394,0.121285446,0.092088774,0.099172756,0.027850647,0.9324449,0.03341731,0.077371076,0.0,0.0,0.0484515,0.8207147,0.023962729,0.035011265,0.18867968,0.0,0.050370142,0.9462401,0.23216689,0.07946381,0.055556267,0.16886993,0.29211494,0.032042827,0.022796087,0.0,0.08773989,0.09456491,0.096538424,0.06043916,0.13080439,0.23186934,0.0,0.0,0.0,0.3760736,0.031159874,0.9359779,0.07761024,0.0,0.024862824,0.050144054,0.023490012,0.0,0.07131133,0.0,0.17444274,0.0,0.0,0.13205916,0.0,0.0,0.06350528,0.0,0.0,0.2238311,0.5073385,0.0,0.023324374,0.07135159,0.022687381,0.09545712,0.02761864,0.17138,0.17965896,0.3779394,0.0,0.049674105,0.027412836,0.030723939,0.03878131,0.04181326,0.0,0.030032327,0.20822564,0.024683744,0.032032873,0.0587968,0.046083786,0.03186706,0.030099835,0.04312869,0.025908103,0.0,0.038893428,0.17033662,0.044351637,0.02792751,0.021310456,0.0,0.044392284,0.035468854,0.043033697,0.05414102,0.1246585,0.037849918,0.03330166,0.022637913,0.038601853,0.02106563,0.18606116,0.024518855,0.030404758,0.020470547,0.022207322,0.122141324,0.03802296,0.028519792,0.12031873,0.02914875,0.0,0.0,0.16068943,0.041169055,0.044612624,0.0,0.040485572,0.04634998,0.06544434,0.051280618,0.0,0.03878078,0.0,0.046650596,0.0,0.06319798,0.022331662,0.13023393,0.036851667,0.0657625,0.0,0.05558228,0.068151295,0.06000417,0.07386137,0.3591003,0.0,0.0,0.039991796,0.017820759,0.030371642,0.0,0.039116107,0.032065555,0.03378695,0.0,0.02522831,0.055355217,0.021135757,0.10677735,0.0,0.0,0.033898447,0.07927085,0.0,0.032333743,0.086115085,0.041559026,0.0,0.03511494,0.0,0.038461868,0.041439258,0.0,0.060936384,0.0,0.28818843,0.0,0.0,0.02860515,0.02978033,0.10282372,0.058053207,0.027237777,0.021723986,0.0,0.034375045,0.07485511,0.033936195,0.0,0.036959514,0.0,0.0,0.0,0.052384656,0.028946796,0.0,0.0,0.0,0.0,0.0,0.05433051,0.065994754,0.0,0.0,0.0,0.0,0.0,0.027011873,0.023485076,0.13467346,0.12441014,0.02928002,0.0,0.0,0.0,0.0,0.03480161,0.16198121,0.0,0.0,0.062123753,0.0,0.0,0.034238275,0.04961581,0.0,0.0,0.03839495
ERR11181245,3.7164378,3.0362036,2.1932783,2.6246784,1.0957048,1.887543,1.9737948,1.4228034,1.069435,2.0021045,0.44865805,0.21699831,1.0759052,0.25789753,1.1864495,0.6884417,0.54031056,0.65786046,0.4877973,0.0,0.18069834,0.40216592,0.7879018,0.0,0.5711523,0.1209138,0.08564284,0.47068238,0.049895957,0.49305737,0.21440211,0.385277,0.24575159,0.0,0.24487013,0.22108698,0.3150525,0.29967663,0.3612439,0.063604966,0.0,0.041402534,0.4073837,0.08714,0.37204042,0.115226164,0.0,0.30306566,0.06360706,0.2500675,0.0,0.24281676,0.044747297,0.41852087,0.18765463,0.12115771,0.1443106,0.05078107,0.26881665,0.058094274,0.15278688,0.09149285,0.0,0.0,0.16475073,0.17458443,0.033338916,0.0,0.037461888,0.0,0.018969564,0.0,0.13247068,0.35685477,0.10048588,0.049133487,0.06596752,0.1584098,0.0,0.3317678,0.022504024,0.02665725,0.090351775,0.09467342,0.0,0.029774224,0.3440024,0.014215968,0.0,0.0,0.094228424,0.0,0.0,0.6879765,0.0,0.029843926,0.0,0.059797727,0.036444716,0.07832405,0.08543098,0.033102874,0.0,0.053937774,0.0,0.036479104,0.0,0.027674338,0.033251353,0.017983358,0.0,0.025410108,0.0305245,0.047500096,0.0,0.0,0.06510921,0.03471906,0.0,0.0,0.01626839,0.05000787,0.0,0.0,0.023248257,0.031329278,0.042594306,0.03733578,0.0,0.0,0.070932664,0.080204226,0.03438205,0.024023347,0.0,0.0,0.0,0.0,0.037521712,0.03185965,0.0,0.0222049,0.03104568,0.030036455,0.0,0.10791341,0.0,0.027258389,0.0,0.021363351,0.105876744,0.03067759,0.04237762,0.07848631,0.04085352,0.021262523,0.017373335,0.0,0.03949959,0.024394605,0.042268332,0.03553853,0.019033745,0.0,0.0,0.034160063,0.028474135,0.040702075,0.038508505,0.0,0.04728968,0.020624725,0.04142252,0.024170956,0.0,0.037581034,0.0,0.042730134,0.054774314,0.024728777,0.0,0.02354512,0.050497454,0.0,0.03653685,0.026059624,0.01840092,0.037650984,0.0,0.0,0.090142965,0.0,0.048168976,0.0,0.04513156,0.038896408,0.047802262,0.06393968,0.025921777,0.0,0.0,0.03985038,0.018964149,0.0,0.021215033,0.0,0.03701061,0.0,0.037522405,0.036131725,0.07964074,0.032765288,0.0,0.03914138,0.13218597,0.042261384,0.020205088,0.06917644,0.0,0.03003297,0.0,0.0,0.07378489,0.0,0.02838547,0.0,0.02040415,0.033857338,0.025310554,0.0,0.041274678,0.032972902,0.04379347,0.0526147,0.021993851,0.016707988,0.03484912,0.08208221,0.027132206,0.02878838,0.0,0.01538925,0.0,0.0,0.026368955,0.0,0.0296925,0.02926154,0.07347549,0.023791261,0.057520397,0.028708065,0.0,0.0,0.019423291,0.0,0.0,0.0,0.035548016,0.0,0.023644123,0.0,0.0,0.088981025,0.036033206,0.031507626,0.01847443,0.0,0.019815706,0.0,0.0,0.0,0.0
ERR11181246,4.4912214,3.4686136,2.6857126,1.3615978,1.6587335,0.6651424,0.4195751,0.27617392,0.48648998,1.5472004,0.5529805,0.8255394,0.2690771,0.940784,0.57936054,0.13969359,0.29872316,0.1880486,0.49347407,0.0,0.56736016,0.5103237,0.45844948,0.0,0.56957316,0.50231874,0.2877531,0.32576227,1.3220061,0.18681362,1.1851573,0.42905524,0.13083336,0.055299513,0.124667846,0.10860335,0.10907954,0.10378294,0.38223058,0.052240793,0.0,0.16111755,0.2060868,0.3191014,0.23278806,0.04188713,0.043226514,0.24114293,0.31491527,0.18256909,0.0,0.14439748,0.18118781,0.044953436,0.22869353,0.21585116,0.3260042,0.09436333,0.19966516,0.05717153,0.08588463,0.22451292,0.0,0.0,0.15409778,0.08630331,0.061908692,0.0,0.11136319,0.0,0.093136296,0.047460068,0.04736852,0.17699856,0.2242146,0.28133512,0.10267718,0.096943855,0.113805205,0.054448824,0.11199331,0.0970886,0.044297628,0.20871189,0.024206901,0.13182552,0.03631879,0.016176993,0.0,0.05709501,0.07325665,0.0,0.0,0.038815394,0.0,0.097759575,0.0,0.0779969,0.09041329,0.07228371,0.041917916,0.05519133,0.0,0.0,0.035941057,0.062291443,0.11629291,0.052518044,0.0176034,0.1267103,0.0,0.06269069,0.0933302,0.014653027,0.0,0.052092616,0.05005684,0.040428676,0.31781808,0.0,0.016039204,0.07162417,0.035853297,0.08408863,0.09191637,0.09630552,0.0,0.04733123,0.27315977,0.03572393,0.040756952,0.05370077,0.037201457,0.087663,0.034739774,0.019473309,0.015437444,0.0,0.13544063,0.035578206,0.03856794,0.121052705,0.050054576,0.06339687,0.08761376,0.05320683,0.02174426,0.12991965,0.026959628,0.09795951,0.04243508,0.022879813,0.06063139,0.03291238,0.060720116,0.05114616,0.065515205,0.0,0.037064727,0.04022064,0.056855004,0.06945035,0.028566916,0.0,0.0,0.03656179,0.119413204,0.05307132,0.06799394,0.0,0.0348912,0.027182488,0.0,0.04810214,0.0,0.03702406,0.0,0.051562186,0.030102367,0.11127413,0.0,0.052043006,0.0428393,0.044918314,0.019525545,0.037065014,0.031100495,0.028469669,0.0,0.0,0.022807332,0.016979206,0.017101938,0.014127832,0.021058366,0.025035,0.039930783,0.027417952,0.014874761,0.023856014,0.035028897,0.071082085,0.014996799,0.10891132,0.0,0.0175812,0.03495656,0.02102357,0.030544214,0.06728918,0.018833175,0.0,0.016887063,0.029842343,0.018542036,0.021577071,0.035156377,0.02556061,0.0,0.019129546,0.045883086,0.025782146,0.017365478,0.032938972,0.022304125,0.032066178,0.019465115,0.053095702,0.048338544,0.01696177,0.033229038,0.0,0.021357663,0.0,0.03225206,0.0,0.016767468,0.02131257,0.0,0.029116541,0.0,0.013982935,0.0,0.0,0.021644818,0.0,0.02310134,0.0,0.016168246,0.020534823,0.0,0.0,0.022939498,0.015701998,0.0,0.0,0.020691743,0.036733866,0.016134052,0.016293706,0.0,0.0,0.0,0.0,0.0,0.0,0.0,0.0,0.018568747,0.023210507,0.0,0.0,0.020501854
ERR11181247,6.2941165,4.910238,3.5347433,1.8839487,2.2600102,1.5510001,1.2046819,0.98164815,0.9341846,1.2204951,0.87327445,1.272298,0.37509203,0.23918939,0.6397105,0.4693293,0.4062146,0.38800958,0.1675221,0.0,0.5627633,0.3039063,0.54897624,0.0,0.41809785,0.37540144,0.6833444,0.24018382,0.11143246,0.28105196,0.33031574,0.3138727,0.12733111,0.029435357,0.18989873,0.105694704,0.13029632,0.22148998,0.21528478,0.024646465,0.0,0.38856906,0.17019528,0.1774518,0.118940316,0.0625897,0.27468064,0.17074423,0.110818915,0.11635602,0.0,0.09577229,0.14380254,0.022074597,0.18001656,0.12948827,0.19000582,0.22575319,0.2718764,0.027145077,0.11215584,0.113523856,0.0,0.0,0.056887407,0.051215988,0.10829219,0.0,0.102917984,0.0,0.18032816,0.027068112,0.07371074,0.16480048,0.12699102,0.12665524,0.052158106,0.07283544,0.2151513,0.03908402,0.091103084,0.1096525,0.03900621,0.084574655,0.05344877,0.04035162,0.018963948,0.05131191,0.0,0.033836212,0.075984865,0.0,0.0,0.01789046,0.3128737,0.042657264,0.3335785,0.0999134,0.031340823,0.10118324,0.01878815,0.077200234,0.0,0.022131799,0.06683977,0.08208589,0.052774932,0.06153174,0.027740214,0.048032682,0.0,0.025477568,0.09823497,0.07208898,0.25913736,0.035873335,0.034547817,0.03372341,0.0,0.0,0.028503167,0.028514817,0.07475011,0.043818943,0.04151095,0.040274635,0.052347023,0.062361244,0.0,0.07283652,0.055069923,0.029317452,0.034471203,0.047878586,0.07101832,0.063401714,0.034043703,0.0,0.030902442,0.029813657,0.031735398,0.04357775,0.10041867,0.0682193,0.029416282,0.031117452,0.03486257,0.025856886,0.0,0.027140662,0.03564446,0.01886668,0.031194143,0.025130108,0.022359835,0.056799706,0.047399685,0.14221025,0.019937666,0.02004952,0.025524426,0.0387639,0.0,0.1393056,0.015535769,0.050852194,0.0,0.024272494,0.026518576,0.0,0.017657142,0.0359521,0.02000854,0.038544744,0.05712017,0.016536044,0.0,0.015200864,0.014860012,0.015287523,0.100374006,0.03223384,0.019138081,0.025952235,0.057983305,0.027755463,0.01742305,0.014932889,0.0,0.0,0.024061564,0.037039135,0.021568874,0.05547152,0.036042072,0.013081801,0.017768929,0.022306027,0.024808137,0.029746335,0.049835265,0.028285293,0.015777655,0.0,0.037998848,0.03103558,0.017408935,0.0,0.03462816,0.012205887,0.017902924,0.029223438,0.03172801,0.014750649,0.03891061,0.025875114,0.018015236,0.02486165,0.0,0.017146684,0.013653996,0.0,0.012319891,0.029118203,0.03274378,0.0142460605,0.035350803,0.021171382,0.052215125,0.028647082,0.016593678,0.01181952,0.023314299,0.020739775,0.030510202,0.022608345,0.024343958,0.03848863,0.0,0.015260367,0.026562274,0.028212054,0.020950329,0.025568973,0.037126914,0.018367073,0.01993882,0.017966682,0.0118381055,0.015296575,0.012484141,0.0,0.031173093,0.051747512,0.0,0.0,0.029144278,0.01718313,0.028060768,0.018600635,0.019900074,0.0,0.016189003,0.0,0.0,0.015512229,0.017024646,0.017669016,0.0,0.0138062965,0.0,0.016264496,0.0
ERR11181248,6.484365,4.8994274,3.590082,1.909055,2.2083826,1.5974079,1.2190317,0.9625277,0.7576938,0.8758573,0.61737555,0.6509805,0.5501931,1.1367385,0.33653876,0.47614515,0.53624344,0.38408262,0.5487821,0.0,0.51829517,0.6008313,0.20458297,0.0,0.31057292,0.38649046,0.39031214,0.5040835,0.12047672,0.28121117,0.3491544,0.2079312,0.13528363,0.0,0.1774164,0.7724717,0.45939806,0.22585651,0.20570737,0.0,0.0,0.21401897,0.26695383,0.27122948,0.21374688,0.06833882,0.027662596,0.16422798,0.24493515,0.27064207,0.0,0.33459055,0.14947394,0.06750465,0.12019664,0.10555915,0.10968598,0.077962734,0.10695345,0.0,0.096671626,0.10627053,0.0,0.0,0.17439082,0.0,0.08336984,0.0,0.062180422,0.0,0.13401026,0.0,0.09803089,0.05376013,0.10840231,0.10697357,0.042964965,0.1241138,0.08911408,0.044565342,0.06889534,0.06613727,0.032842208,0.080128364,0.049050495,0.020772545,0.04222925,0.030955765,0.0,0.03697784,0.055491477,0.0,0.0,0.017584883,0.017196031,0.047974095,0.014552661,0.07528573,0.0468759,0.06501392,0.0,0.08200715,0.0,0.0,0.025957441,0.07870654,0.06784337,0.024966039,0.31176272,0.05673189,0.0,0.16100095,0.06410914,0.029372485,0.012241178,0.10027048,0.0489687,0.029616134,0.009596353,0.0,0.027183097,0.044321485,0.050007537,0.058242742,0.05622699,0.05208514,0.0,0.03634244,0.0,0.048695635,0.028995192,0.021894405,0.035651974,0.049528338,0.04234137,0.012209524,0.012612872,0.0,0.035523314,0.0167419,0.032457095,0.050762545,0.0187942,0.046238262,0.05944143,0.025295073,0.01570755,0.027531669,0.0,0.04404971,0.02249978,0.059016246,0.033407494,0.04513502,0.0,0.037820064,0.040218845,0.0,0.07143656,0.0,0.02906484,0.03144654,0.024559524,0.013522179,0.0,0.046659324,0.0,0.025220668,0.029958444,0.0,0.022792004,0.048551567,0.017368311,0.03230157,0.0,0.029191002,0.0,0.0175941,0.032250226,0.019990422,0.0,0.0,0.017905558,0.017550686,0.038735338,0.026095401,0.03297946,0.023749199,0.0,0.0,0.0144239385,0.014000994,0.021275032,0.05728478,0.025672112,0.041418854,0.033052325,0.024523972,0.026120003,0.023542732,0.02964853,0.027543085,0.014389245,0.0,0.0,0.014036047,0.020496279,0.0,0.030856267,0.03426678,0.0,0.02706054,0.010866645,0.044329606,0.014062339,0.039910905,0.030250503,0.024271367,0.0,0.026109045,0.0,0.019930344,0.013542991,0.018838555,0.065601565,0.0,0.04292804,0.03001311,0.018046651,0.013921067,0.035954576,0.0,0.026461734,0.0,0.024169683,0.01456157,0.03400365,0.016650185,0.0,0.019200834,0.018777456,0.019306067,0.021179983,0.039672703,0.02712859,0.025061112,0.016935902,0.0,0.010640999,0.01857112,0.01577136,0.013484184,0.016185423,0.011253249,0.0,0.0,0.03606242,0.019234018,0.044327304,0.0109571405,0.01534757,0.0,0.0,0.010544278,0.018391427,0.010486799,0.01290029,0.010034941,0.0136022745,0.018709017,0.0,0.01829465,0.012303404
ERR11181249,6.9399796,5.2928047,3.7420635,0.35856315,2.7760437,0.68631405,0.16294211,0.16758119,1.188897,0.25241742,1.0819899,2.3151822,0.33292314,0.09234845,0.08260264,0.0674439,0.09959255,0.2110685,0.03335564,0.0,0.92361313,0.18799639,0.057638004,0.0,0.07570417,0.5464686,0.08489697,0.047284752,0.016738255,0.13564926,0.03983483,0.053307105,0.9404332,0.0,0.30143625,0.12322938,0.11003153,0.07822362,0.17112859,0.024255408,1.9582784,0.046899855,0.03290589,0.24545561,0.049622614,0.036958184,0.117208414,0.048640784,0.02119417,0.024515426,1.5407406,0.017806228,0.20679209,0.0,0.04200366,0.038782,0.02389071,0.13379142,0.04601184,0.0,0.035080273,0.0358729,0.0,1.0372276,0.07732614,0.036897447,0.07095342,1.6204801,0.15295821,0.75406224,0.019385954,0.0,0.03438783,0.013506453,0.022131903,0.028863383,0.016473722,0.019075172,0.022129148,0.022035211,0.12634201,0.13887827,0.014416247,0.03089413,0.06398487,0.0,0.0,0.011541221,0.0,0.018155297,0.14281067,0.37301648,0.8199561,0.0,0.20293455,0.0,0.16703977,0.015680948,0.036297284,0.012840574,0.024974719,0.017600616,0.0,0.41221684,0.032684803,0.017447703,0.070094585,0.0,0.019155111,0.0,0.42616755,0.038284827,0.02237211,0.13142711,0.11637907,0.0638507,0.012472534,0.09674607,0.0,0.0,0.0,0.0,0.0,0.061884157,0.053986214,0.0,0.06976189,0.08483159,0.0,0.0,0.0,0.0146396505,0.055169355,0.05285875,0.0,0.01774211,0.019306887,0.0,0.0,0.065198205,0.03645911,0.0,0.0,0.026232988,0.0,0.0,0.012883534,0.0,0.0,0.0,0.0,0.0,0.0,0.0,0.03731302,0.047705423,0.045935467,0.101419926,0.0,0.07316629,0.0,0.0,0.06834496,0.107570074,0.020257449,0.0,0.03785651,0.0,0.0,0.64834636,0.027923051,0.06959061,0.0826557,0.037566025,0.02137426,0.03871812,0.63559425,0.0,0.0,0.0,0.07680168,0.057251994,0.0,0.0,0.05140637,0.0,0.06599974,0.03887422,0.0,0.0,0.0,0.015822181,0.03452791,0.095073394,0.0,0.0,0.0,0.028028682,0.015488784,0.017942188,0.11176308,0.0,0.0,0.0,0.049604926,0.017531494,0.038077325,0.12696458,0.0,0.05201353,0.10629477,0.029440008,0.016116451,0.040274225,0.0,0.0,0.0,0.0,0.0,0.0,0.0,0.0,0.0,0.023612032,0.08978292,0.114223935,0.048841834,0.0,0.0,0.015176192,0.0,0.070725255,0.029600557,0.0,0.06357467,0.014166762,0.01887932,0.0,0.068786696,0.08141079,0.0,0.0,0.0,0.08253862,0.027633725,0.1026042,0.0,0.13178006,0.0,0.0,0.017314646,0.0,0.1852797,0.026234228,0.15626833,0.18480459,0.01980064,0.09441737,0.024251545,0.0,0.0,0.0,0.088668145,0.0,0.0,0.0,0.07892262,0.0,0.0,0.0,0.35915715,0.10469898,0.093717076
ERR11181250,0.0,0.0,0.0,0.0,0.0,0.0,0.0,0.0,2.4636183,0.027628006,1.817463,0.0,0.0,0.0,0.0,0.0,0.0,0.0,0.0,7.3796163,0.0,0.0,0.0,5.9457703,0.0,0.0,0.0,0.0,0.0,0.0,0.0,0.0,0.33569843,2.1829102,0.51235163,0.0,0.0,0.0,0.0,2.1407928,0.0,0.0,0.0,0.0,0.0,0.0,0.0,0.0,0.0,0.0,0.0,0.0,0.0,0.0,0.0,0.2748707,0.0,0.0,0.0,0.29631397,0.0,0.16773807,0.8941097,0.0,0.0,0.20798336,0.0,0.0,0.0,0.0,0.0,0.22085078,0.0,0.0,0.0,0.0,0.5194011,0.0,0.0,0.0,0.0,0.0,0.87069845,0.0,0.0,0.6393294,0.0,0.0,0.89322317,0.47569138,0.0,0.0,0.0,0.0,0.0,0.19180344,0.0,0.0,0.0,0.0,0.37975794,0.0,0.49278334,0.0,0.0,0.0,0.0,0.0,0.0,0.0,0.0,0.0,0.0,0.0,0.0,0.06663207,0.0,0.0,0.0,0.50391656,0.0,0.0,0.0,0.038615175,0.0,0.0,0.4045117,0.0,0.04403299,0.0,0.0,0.20090629,0.05346783,0.0,0.0,0.23089956,0.07326808,0.4871655,0.0,0.070325695,0.014719561,0.0,0.0,0.0,0.0,0.0,0.19572794,0.041818727,0.48601356,0.0,0.05890324,0.0,0.0,0.0,0.07750697,0.0,0.0,0.0,0.0,0.089368716,0.10192124,0.0,0.06937871,0.0,0.0,0.0,0.09065871,0.05126835,0.0,0.0,0.14032722,0.0,0.0,0.0,0.0,0.0,0.0,0.12951885,0.0,0.0,0.0,0.050611295,0.0,0.11373126,0.025733907,0.0,0.027268033,0.025601236,0.35168797,0.046092466,0.0,0.0,0.05612472,0.0,0.0,0.0,0.038303543,0.053593848,0.0906452,0.0,0.0,0.0,0.038891993,0.21101125,0.0,0.0,0.05342341,0.14617158,0.03607785,0.0,0.06603608,0.0,0.0,0.0,0.0,0.0,0.0,0.0,0.28733706,0.11722286,0.0,0.0,0.0,0.0,0.0,0.069481075,0.0,0.0,0.0,0.0,0.0,0.0,0.0,0.0,0.0,0.0,0.05870621,0.0,0.033924807,0.035889618,0.0,0.0,0.0,0.06722372,0.0,0.0,0.0,0.0,0.0,0.06856551,0.04957766,0.0,0.0,0.032877445,0.0,0.0,0.0,0.0,0.0,0.061507452,0.0,0.22799246,0.0,0.0,0.0,0.0,0.08285566,0.0,0.15653333,0.0,0.0,0.0,0.0
