Genome,ERR11181229.sorted Relative Abundance (%),ERR11181230.sorted Relative Abundance (%),ERR11181231.sorted Relative Abundance (%),ERR11181232.sorted Relative Abundance (%),ERR11181233.sorted Relative Abundance (%),ERR11181234.sorted Relative Abundance (%),ERR11181235.sorted Relative Abundance (%),ERR11181236.sorted Relative Abundance (%),ERR11181237.sorted Relative Abundance (%),ERR11181238.sorted Relative Abundance (%),ERR11181239.sorted Relative Abundance (%),ERR11181240.sorted Relative Abundance (%),ERR11181241.sorted Relative Abundance (%),ERR11181242.sorted Relative Abundance (%),ERR11181243.sorted Relative Abundance (%),ERR11181244.sorted Relative Abundance (%),ERR11181245.sorted Relative Abundance (%),ERR11181246.sorted Relative Abundance (%),ERR11181247.sorted Relative Abundance (%),ERR11181248.sorted Relative Abundance (%),ERR11181249.sorted Relative Abundance (%),ERR11181250.sorted Relative Abundance (%),TotalAbundance
binning_output.001,6.0469093,0.22501633,5.0392094,6.9123855,7.9083705,5.6340146,2.5992234,1.2675877,1.9961101,1.5808063,0.41233826,1.9604858,3.1084003,9.6763525,5.329985,1.8597031,3.7164378,4.4912214,6.2941165,6.484365,6.9399796,0.0,89.48301839
binning_output.002,4.548155,0.1631715,3.908356,5.3086686,6.020418,4.4412966,2.014617,1.2738854,1.6505076,1.202011,0.273836,1.6286358,2.3950539,7.3834925,4.3084974,1.4299825,3.0362036,3.4686136,4.910238,4.8994274,5.2928047,0.0,69.55787210000001
binning_output.003,3.3746638,0.12995966,2.8333411,3.8645117,4.3585124,3.0546386,1.4509737,0.8171806,1.2119825,0.9080195,0.23764567,1.1787087,1.7558057,5.131031,2.8861363,1.0858794,2.1932783,2.6857126,3.5347433,3.590082,3.7420635,0.0,50.02487003000002
binning_output.004,1.1581376,0.056288727,1.5016278,1.2741296,1.2543782,2.1704876,1.418085,4.4002876,3.6600971,0.9168835,0.2187419,2.2031546,1.5970215,1.2393523,2.6260293,0.63830733,2.6246784,1.3615978,1.8839487,1.909055,0.35856315,0.0,34.470852707000006
binning_output.006,2.133721,0.10520707,1.8493017,2.513543,2.9426904,1.8175159,0.83175457,0.18018924,0.565996,0.539851,0.10237119,0.47602707,1.0089597,3.3385308,1.6923381,0.6662593,1.0957048,1.6587335,2.2600102,2.2083826,2.7760437,0.0,30.763130840000002
binning_output.007,1.1645446,0.03888411,1.1317556,0.8314669,0.86455464,2.1312656,1.0026139,4.7515206,2.7238064,0.47925338,0.1274307,2.0734594,1.0555532,0.974386,2.6168976,0.43047476,1.887543,0.6651424,1.5510001,1.5974079,0.68631405,0.0,28.78527484
binning_output.005,0.9231364,0.0,0.99982977,0.6820987,0.6500077,1.885982,0.6958335,5.031178,2.4294293,0.22391859,0.06595439,2.23342,0.8166524,0.66679883,2.5932405,0.3886837,1.9737948,0.4195751,1.2046819,1.2190317,0.16294211,0.0,25.26618939
binning_output.010,0.74838483,0.0,0.7279473,0.5091997,0.52906984,1.5929056,0.563164,4.067623,2.335858,0.15697043,0.05152097,1.6996936,0.65166616,0.42940006,2.0450768,0.29329905,1.4228034,0.27617392,0.98164815,0.9625277,0.16758119,0.0,20.212513700000002
binning_output.009,0.5362683,0.07765392,0.70750684,0.52632254,0.47371626,1.1124362,0.61764526,2.1301944,2.0653136,0.4389504,0.15510002,1.1872308,0.7705453,0.44343114,1.3421804,0.32419968,1.069435,0.48648998,0.9341846,0.7576938,1.188897,2.4636183,19.80901374
binning_output.008,0.6484912,0.08326345,0.91651386,1.0446239,0.9029585,0.8550865,0.95396805,0.78909725,1.1724668,0.6622768,0.3757078,1.3683194,1.113563,0.6740069,0.9258969,0.5124704,2.0021045,1.5472004,1.2204951,0.8758573,0.25241742,0.027628006,18.924413436000005
binning_output.011,0.6049858,0.037722874,0.7485553,0.86490273,0.97712916,0.4629694,0.24502057,0.5941058,1.8866305,0.23754023,0.040861167,0.3729453,0.3145423,0.9323808,0.52244765,0.25202554,0.44865805,0.5529805,0.87327445,0.61737555,1.0819899,1.817463,14.486506571000001
binning_output.012,0.7575369,0.041643642,1.0817962,1.3528975,1.6534718,0.38075176,0.24664174,0.04248453,0.40380588,0.33937424,0.040668897,0.110611096,0.29889464,1.5242432,0.35997877,0.33272296,0.21699831,0.8255394,1.272298,0.6509805,2.3151822,0.0,14.248522164999999
binning_output.014,0.6378807,0.0,0.3197754,0.27264628,0.31566,0.5019483,0.26267317,1.0372858,0.6283417,0.2997078,0.033637077,0.47654244,0.27980027,2.0000107,0.5835293,0.24664211,1.0759052,0.2690771,0.37509203,0.5501931,0.33292314,0.0,10.499271617
binning_output.013,0.105506815,0.0,0.45145535,0.40223855,0.5989311,0.29492468,0.57083374,0.27517766,2.048405,0.6570881,0.045223724,0.29245427,0.52913064,0.7879044,0.22522004,0.21106099,0.25789753,0.940784,0.23918939,1.1367385,0.09234845,0.0,10.162512929
binning_output.015,0.20755078,0.0,0.4195323,0.48142716,0.43792194,0.47914714,0.6854323,0.31283417,1.1488284,0.4153855,0.11709565,0.46878532,0.60152584,0.30875772,0.44975305,0.1676237,1.1864495,0.57936054,0.6397105,0.33653876,0.08260264,0.0,9.52626291
binning_output.022,0.34240326,0.0,0.33860716,0.2148942,0.23019941,0.77667975,0.2886128,1.9216565,1.1240215,0.07779,0.02980949,0.7531172,0.31606832,0.17563587,0.95824826,0.13689506,0.6884417,0.13969359,0.4693293,0.47614515,0.0674439,0.0,9.52569242
binning_output.017,0.48896742,0.0,0.28434265,0.30735204,0.36689326,0.69695485,0.24289127,0.9287675,0.07448696,0.15813375,0.36553583,1.811327,0.3384,0.20981893,0.56273985,0.11732061,0.54031056,0.29872316,0.4062146,0.53624344,0.09959255,0.0,8.835016229999999
binning_output.016,0.37127808,0.0,0.33217046,0.27151898,0.29413655,0.5505122,0.2031352,1.2638098,0.6552812,0.1313622,0.026180875,0.64201605,0.274577,0.6461474,0.6986509,0.18549438,0.65786046,0.1880486,0.38800958,0.38408262,0.2110685,0.0,8.375341034999998
binning_output.021,0.35288164,0.0,0.1315987,0.3248174,0.12603545,0.2700915,0.12768036,0.4593321,0.049776398,0.064749464,0.7640814,2.8200126,0.25698936,0.11629472,0.54372615,0.085213,0.4877973,0.49347407,0.1675221,0.5487821,0.03335564,0.0,8.224211452
binning_output.019,0.0,0.8407849,0.0,0.0,0.0,0.0,0.0,0.0,0.0,0.0,0.0,0.0,0.0,0.0,0.0,0.0,0.0,0.0,0.0,0.0,0.0,7.3796163,8.2204012
binning_output.018,0.51465005,0.039535712,0.5392792,0.796048,0.8180327,0.29540083,0.17914762,0.025523838,0.18317004,0.1595831,0.044106532,0.09216561,0.21935548,0.7498596,0.27409813,0.21341191,0.18069834,0.56736016,0.5627633,0.51829517,0.92361313,0.0,7.896098451999999
binning_output.020,0.17270398,0.0,0.3247352,0.29343235,0.34366623,0.29649964,0.3822854,0.28592145,0.9590224,0.38436347,0.052918807,0.26666528,0.40067473,0.57264423,0.26079267,0.15843709,0.40216592,0.5103237,0.3039063,0.6008313,0.18799639,0.0,7.159986537
binning_output.023,0.10157303,0.0,0.3352449,0.39896554,0.35944492,0.33868933,0.58332616,0.14313272,1.1228637,0.3307803,0.02950319,0.06874406,0.51166797,0.22597662,0.30536634,0.0885235,0.7879018,0.45844948,0.54897624,0.20458297,0.057638004,0.0,7.0013507740000005
binning_output.024,0.0,0.71449876,0.0,0.0,0.0,0.0,0.0,0.0,0.0,0.0,0.0,0.0,0.0,0.0,0.0,0.0,0.0,0.0,0.0,0.0,0.0,5.9457703,6.66026906
binning_output.025,0.1782994,0.0,0.3001078,0.39642447,0.30992597,0.28748414,0.37139496,0.21446997,0.5688139,0.24373831,0.10002836,0.41663316,0.35121572,0.23422992,0.30850682,0.13600504,0.5711523,0.56957316,0.41809785,0.31057292,0.07570417,0.0,6.362378339999999
binning_output.026,0.41370305,0.37433854,0.42043236,0.6200281,0.56511617,0.21029755,0.16225469,0.07299443,0.19305079,0.13270074,0.04509869,0.077294506,0.17893647,0.45285326,0.14751832,0.16871232,0.1209138,0.50231874,0.37540144,0.38649046,0.5464686,0.0,6.166923026
binning_output.027,0.19158824,0.040081963,0.32436833,0.15848681,0.1110728,0.45411283,0.59107065,0.07171245,0.4460215,0.3458686,0.05164894,0.07603801,1.0073807,0.049170844,0.23219755,0.29929328,0.08564284,0.2877531,0.6833444,0.39031214,0.08489697,0.0,5.982062947
binning_output.028,0.3106042,0.0,0.18782325,0.1793434,0.16719842,0.32625788,0.22685824,0.61400634,0.08683477,0.14363271,0.2585766,1.0829341,0.23230883,0.10850081,0.3348818,0.09965588,0.47068238,0.32576227,0.24018382,0.5040835,0.047284752,0.0,5.947413952000001
binning_output.035,0.094027616,0.09072885,0.08557506,0.2657445,0.073860794,0.08638017,0.8069887,0.025893653,0.1827967,0.5004088,0.3394534,0.0,0.18774484,0.16054654,0.032614216,0.4559169,0.049895957,1.3220061,0.11143246,0.12047672,0.016738255,0.0,5.009230230999999
binning_output.032,0.17893194,0.0,0.2231181,0.11684532,0.1179376,0.2720128,0.17894143,0.52365196,0.42166534,0.14925882,0.6103576,0.21937604,0.21305637,0.086801685,0.23828298,0.06426829,0.49305737,0.18681362,0.28105196,0.28121117,0.13564926,0.0,4.9922896549999995
binning_output.033,0.15395159,0.040138144,0.1995027,0.20152852,0.13292968,0.11682714,0.3062027,0.06567479,0.2217766,0.21988036,0.22487283,0.19922203,0.26418284,0.08964508,0.097247034,0.16404371,0.21440211,1.1851573,0.33031574,0.3491544,0.03983483,0.0,4.816490128
binning_output.034,0.11729053,0.0,0.24112558,0.2854093,0.2259223,0.20570284,0.31079715,0.13972338,0.5147689,0.1982666,0.07793473,0.1700217,0.28112122,0.1454827,0.20391777,0.10045763,0.385277,0.42905524,0.3138727,0.2079312,0.053307105,0.0,4.607385575
binning_output.031,0.14885303,0.12856467,0.12827833,0.13167113,0.10649293,0.102303356,0.13721056,0.07156435,0.17749657,0.271865,0.043526795,0.11799863,0.14217006,0.3112501,0.4951034,0.13262162,0.24575159,0.13083336,0.12733111,0.13528363,0.9404332,0.33569843,4.562301851
binning_output.038,0.0,0.19317263,0.034690548,0.0,0.031442434,0.0,0.09807568,0.0,0.04364682,0.6106488,0.04346446,0.0,0.16343541,0.024413934,0.0,1.0257871,0.0,0.055299513,0.029435357,0.0,0.0,2.1829102,4.536422886
binning_output.036,0.09560133,0.40232587,0.1298482,0.07360668,0.078438714,0.14979884,0.17034101,0.09499417,0.2379896,0.40623575,0.23215498,0.071252115,0.21568172,0.27125907,0.11177533,0.07105287,0.24487013,0.124667846,0.18989873,0.1774164,0.30143625,0.51235163,4.362997235
binning_output.030,0.44624737,0.0,0.14520088,0.14524953,0.16111863,0.07487423,0.21711156,0.0,0.058719497,0.11824537,0.0359806,0.062186077,0.08099959,1.3143896,0.06363419,0.077966705,0.22108698,0.10860335,0.105694704,0.7724717,0.12322938,0.0,4.3330099429999995
binning_output.029,0.31574443,0.0,0.1486797,0.14531685,0.14038807,0.1731048,0.12684377,0.19989143,0.13157263,0.12712961,0.020816112,0.17085865,0.1309316,0.98476124,0.17089416,0.16935715,0.3150525,0.10907954,0.13029632,0.45939806,0.11003153,0.0,4.280148152000001
binning_output.039,0.14589089,0.0,0.1776893,0.10991923,0.123206384,0.3280165,0.16650993,0.64977574,0.4456343,0.099879295,0.057229433,0.29076323,0.1944918,0.124332614,0.35923257,0.076152675,0.29967663,0.10378294,0.22148998,0.22585651,0.07822362,0.0,4.277753571
binning_output.037,0.10941387,0.0,0.2005112,0.2013088,0.17660412,0.16328749,0.18254077,0.14316276,0.32912883,0.14351727,0.057358142,0.18185025,0.1954171,0.18512322,0.16211982,0.06876275,0.3612439,0.38223058,0.21528478,0.20570737,0.17112859,0.0,3.835701612
binning_output.043,0.0,0.1071277,0.020214811,0.0,0.024392737,0.0,0.057462923,0.0,0.022607313,0.2297835,0.02380136,0.0,0.111163236,0.022011595,0.0,0.66896075,0.063604966,0.052240793,0.024646465,0.0,0.024255408,2.1407928,3.5930663569999997
binning_output.040,0.0,0.0,0.0,0.0,0.0,0.0,0.0,0.0,0.0,1.5950929,0.0,0.0,0.0,0.0,0.0,0.0,0.0,0.0,0.0,0.0,1.9582784,0.0,3.5533713000000002
binning_output.044,0.13273993,0.036195077,0.23436028,0.08192184,0.072078235,0.28451332,0.38843372,0.0,0.24513026,0.18463705,0.05908151,0.040762343,0.60355985,0.03512624,0.14959525,0.14815116,0.041402534,0.16111755,0.38856906,0.21401897,0.046899855,0.0,3.548294034
binning_output.045,0.16515973,0.0,0.1752912,0.10025204,0.12915295,0.20048657,0.11780988,0.36423674,0.047066398,0.08000304,0.11186464,0.5377123,0.13358456,0.06822105,0.16602448,0.061486673,0.4073837,0.2060868,0.17019528,0.26695383,0.03290589,0.0,3.541877751
binning_output.042,0.2626709,0.0,0.21423022,0.39296,0.30821759,0.17292811,0.120326586,0.017632974,0.123060115,0.072616436,0.029188804,0.045898847,0.11831349,0.30589104,0.109125845,0.11419624,0.08714,0.3191014,0.1774518,0.27122948,0.24545561,0.0,3.507635487
binning_output.048,0.14292742,0.044718124,0.09480044,0.09925577,0.084976554,0.15362395,0.10236299,0.2622921,0.05022154,0.0739244,0.28788105,0.6441628,0.11073347,0.09408036,0.15174489,0.039307512,0.37204042,0.23278806,0.118940316,0.21374688,0.049622614,0.0,3.4241516599999997
binning_output.047,0.048062745,0.0,0.065919854,0.06709457,0.06065443,0.0630024,0.052811034,0.10610259,0.06005757,0.081693515,0.0,0.07049475,0.069576345,0.115920514,0.075926565,2.1443472,0.115226164,0.04188713,0.0625897,0.06833882,0.036958184,0.0,3.40666408
binning_output.041,0.070208944,0.0,0.30556285,0.12873888,0.11718201,0.22359104,0.17889157,0.10698597,0.03355616,0.07488536,0.0,0.7058725,0.20058128,0.0822389,0.4192581,0.21260034,0.0,0.043226514,0.27468064,0.027662596,0.117208414,0.0,3.322932068
binning_output.052,0.12782612,0.030288503,0.21111438,0.09950483,0.1441503,0.13302335,0.09773878,0.22404054,0.04720822,0.07323047,0.16788648,0.4462965,0.122568324,0.081574924,0.12228369,0.05022488,0.30306566,0.24114293,0.17074423,0.16422798,0.048640784,0.0,3.106781875
binning_output.049,0.14074373,0.0,0.14842243,0.09707455,0.07201556,0.17151205,0.28062767,0.04355882,0.52060425,0.17688744,0.09015114,0.050785214,0.22550128,0.06472285,0.07363006,0.12976345,0.06360706,0.31491527,0.110818915,0.24493515,0.02119417,0.0,3.0414710589999996
binning_output.051,0.15200071,0.0,0.09767128,0.09504589,0.078794986,0.17364751,0.100566015,0.3536052,0.038966786,0.062384605,0.13433503,0.46659482,0.10242829,0.046518154,0.15212284,0.06164639,0.2500675,0.18256909,0.11635602,0.27064207,0.024515426,0.0,2.9604786119999997
binning_output.050,0.0,0.0,0.0,0.0,0.0,0.0,0.0,0.0,0.0,1.4167798,0.0,0.0,0.0,0.0,0.0,0.0,0.0,0.0,0.0,0.0,1.5407406,0.0,2.9575204
binning_output.054,0.17749323,0.0,0.09969346,0.07328768,0.081492916,0.21000183,0.10018321,0.43380305,0.04482351,0.053221215,0.058364972,0.33249077,0.07937541,0.037698176,0.112732604,0.035804737,0.24281676,0.14439748,0.09577229,0.33459055,0.017806228,0.0,2.765850078
binning_output.056,0.16548786,0.0,0.19272792,0.29765174,0.30572543,0.09199526,0.07635647,0.0,0.07872051,0.05179479,0.018450145,0.021445304,0.10141502,0.33243126,0.053806424,0.09293123,0.044747297,0.18118781,0.14380254,0.14947394,0.20679209,0.0,2.6069430399999995
binning_output.046,0.036160972,0.025973469,0.0,0.020442715,0.016656417,0.07643924,0.03412144,0.20901577,0.0,0.018054554,1.3738228,0.13268562,0.030999858,0.02062249,0.030681934,0.0,0.41852087,0.044953436,0.022074597,0.06750465,0.0,0.0,2.578730832
binning_output.055,0.08390326,0.0,0.14984594,0.17784491,0.138886,0.12268302,0.12986484,0.074602276,0.1887758,0.094642706,0.033953004,0.13395397,0.16046605,0.087213255,0.13459131,0.06768394,0.18765463,0.22869353,0.18001656,0.12019664,0.04200366,0.0,2.5374753009999997
binning_output.062,0.09259013,0.08442671,0.091889456,0.10174252,0.10224127,0.068503976,0.11047555,0.038020156,0.13514994,0.09646931,0.03914064,0.050812557,0.12286493,0.15342452,0.03665506,0.121285446,0.12115771,0.21585116,0.12948827,0.10555915,0.038782,0.2748707,2.3314011609999996
binning_output.064,0.07749995,0.0,0.15833873,0.11598419,0.10280945,0.09703694,0.13245538,0.029810859,0.10167547,0.0963042,0.052720357,0.075675175,0.17524584,0.07789732,0.09133796,0.092088774,0.1443106,0.3260042,0.19000582,0.10968598,0.02389071,0.0,2.270777905
binning_output.061,0.082525045,0.0,0.29659933,0.30862203,0.34325203,0.057641435,0.07663734,0.045054976,0.046953674,0.074334376,0.0,0.035804547,0.054642502,0.11025902,0.05248973,0.099172756,0.05078107,0.09436333,0.22575319,0.077962734,0.13379142,0.0,2.266640535
binning_output.065,0.045235172,0.0,0.13996994,0.08424385,0.06346891,0.0758611,0.122197114,0.0,0.35680056,0.13556239,0.0,0.0,0.16684799,0.014909543,0.038963486,0.027850647,0.26881665,0.19966516,0.2718764,0.10695345,0.04601184,0.0,2.1652342019999993
binning_output.081,0.0,0.14501399,0.0,0.0,0.0,0.0,0.18555447,0.0,0.016109215,0.26073477,0.013489203,0.0,0.17284921,0.0,0.0,0.9324449,0.058094274,0.05717153,0.027145077,0.0,0.0,0.29631397,2.1649206089999997
binning_output.068,0.05865758,0.0,0.104382426,0.06409977,0.07449934,0.16982749,0.103468806,0.21412331,0.17437172,0.04978138,0.14343517,0.16797987,0.11752797,0.055808455,0.14619032,0.03341731,0.15278688,0.08588463,0.11215584,0.096671626,0.035080273,0.0,2.160150166
binning_output.066,0.0852417,0.13531168,0.07913607,0.08893362,0.09443242,0.06764399,0.11264403,0.034407932,0.16142295,0.103757024,0.035161454,0.046816517,0.10300103,0.14805496,0.026818223,0.077371076,0.09149285,0.22451292,0.113523856,0.10627053,0.0358729,0.16773807,2.1395658020000003
binning_output.088,0.0,1.2408781,0.0,0.0,0.0,0.0,0.0,0.0,0.0,0.0,0.0,0.0,0.0,0.0,0.0,0.0,0.0,0.0,0.0,0.0,0.0,0.8941097,2.1349878
binning_output.053,0.0,0.0,0.0,0.0,0.0,0.0,0.0,0.0,0.25369126,0.7830867,0.0,0.0,0.045625217,0.0,0.0,0.0,0.0,0.0,0.0,0.0,1.0372276,0.0,2.1196307770000002
binning_output.060,0.13756846,0.0,0.058990348,0.10392141,0.06707594,0.07883383,0.060257852,0.17160238,0.022852965,0.05354287,0.12617618,0.34512722,0.05842596,0.027056418,0.09466529,0.0484515,0.16475073,0.15409778,0.056887407,0.17439082,0.07732614,0.0,2.0820015
binning_output.077,0.0,0.067317285,0.020818941,0.0,0.020655453,0.013544728,0.076544024,0.0,0.028095879,0.12623191,0.026000654,0.0,0.28297982,0.01882684,0.019476196,0.8207147,0.17458443,0.08630331,0.051215988,0.0,0.036897447,0.20798336,2.0781909649999997
binning_output.059,0.08688271,0.0,0.122116104,0.12580918,0.13546276,0.16378663,0.12588456,0.03568385,0.08270187,0.04739024,0.0,0.25615987,0.14657971,0.15856332,0.18642227,0.023962729,0.033338916,0.061908692,0.10829219,0.08336984,0.07095342,0.0,2.055268861
binning_output.058,0.0,0.0,0.0,0.0,0.0165975,0.0,0.0,0.0,0.0,0.3757808,0.0,0.0,0.0,0.0,0.0,0.035011265,0.0,0.0,0.0,0.0,1.6204801,0.0,2.047869665
binning_output.070,0.084888734,0.025046876,0.22441849,0.23189265,0.3231613,0.035388257,0.06273884,0.0,0.04411235,0.1016019,0.029251017,0.0,0.095552064,0.08654456,0.024412178,0.18867968,0.037461888,0.11136319,0.102917984,0.062180422,0.15295821,0.0,2.02457059
binning_output.057,0.0,0.0,0.0,0.0,0.0,0.0,0.0,0.0,0.0,1.2505108,0.0,0.0,0.0,0.0,0.0,0.0,0.0,0.0,0.0,0.0,0.75406224,0.0,2.00457304
binning_output.078,0.117500395,0.028333947,0.19054662,0.04863304,0.05063717,0.16432758,0.18303987,0.0,0.1097206,0.06313095,0.04187197,0.023335436,0.31191868,0.019422278,0.10739106,0.050370142,0.018969564,0.093136296,0.18032816,0.13401026,0.019385954,0.0,1.9560099720000002
binning_output.084,0.0,0.0,0.0,0.0,0.0,0.0,0.20804703,0.0,0.01389512,0.2866207,0.0,0.0,0.18006986,0.0,0.0,0.9462401,0.0,0.047460068,0.027068112,0.0,0.0,0.22085078,1.93025177
binning_output.063,0.06493445,0.0,0.07722648,0.056478415,0.05792205,0.10715121,0.08629881,0.16161354,0.115828104,0.07222269,0.0,0.1352857,0.086536065,0.13140629,0.1477125,0.23216689,0.13247068,0.04736852,0.07371074,0.09803089,0.03438783,0.0,1.918751854
binning_output.075,0.043599166,0.0,0.091947354,0.05506039,0.047181677,0.073656514,0.12927915,0.017953992,0.063749515,0.10782143,0.029522467,0.02796963,0.20637342,0.08283632,0.037378535,0.07946381,0.35685477,0.17699856,0.16480048,0.05376013,0.013506453,0.0,1.8597137629999998
binning_output.073,0.08186845,0.0,0.1267593,0.09015767,0.08823305,0.080446616,0.08552814,0.05982497,0.059097834,0.06128787,0.054205336,0.14057955,0.10325899,0.059515566,0.08828494,0.055556267,0.10048588,0.2242146,0.12699102,0.10840231,0.022131903,0.0,1.8168302619999999
binning_output.083,0.09500651,0.0,0.063278,0.08200137,0.075596,0.0563367,0.115844496,0.018016228,0.11469153,0.10157111,0.038286425,0.026472831,0.12995964,0.08663331,0.017470866,0.16886993,0.049133487,0.28133512,0.12665524,0.10697357,0.028863383,0.0,1.7829957460000003
binning_output.090,0.036260918,0.034994386,0.06684581,0.030187046,0.046861563,0.025814934,0.05639614,0.03419152,0.014512253,0.054417573,0.08116309,0.099728465,0.049981084,0.019786876,0.031262122,0.29211494,0.06596752,0.10267718,0.052158106,0.042964965,0.016473722,0.5194011,1.7741613129999996
binning_output.072,0.09177188,0.0,0.06700433,0.05767781,0.052046508,0.11591652,0.064740404,0.18265797,0.03689458,0.04860127,0.08449609,0.24675336,0.057118244,0.02873572,0.08608759,0.032042827,0.1584098,0.096943855,0.07283544,0.1241138,0.019075172,0.0,1.72392317
binning_output.079,0.048373096,0.0,0.17819749,0.04233974,0.040589303,0.2699804,0.17432456,0.0,0.09837547,0.053134333,0.021226197,0.048502285,0.20636263,0.01092253,0.049394254,0.022796087,0.0,0.113805205,0.2151513,0.08911408,0.022129148,0.0,1.704718108
binning_output.067,0.025398694,0.0,0.04593397,0.09724292,0.060651883,0.16889396,0.0602192,0.16127156,0.12257364,0.027525943,0.0,0.1610981,0.050302237,0.06679736,0.16378047,0.0,0.3317678,0.054448824,0.03908402,0.044565342,0.022035211,0.0,1.703591134
binning_output.082,0.07962517,0.0,0.17072314,0.20577532,0.2624195,0.044419967,0.052897513,0.0,0.041634195,0.04737026,0.021520028,0.0,0.07564707,0.1543478,0.026243825,0.08773989,0.022504024,0.11199331,0.091103084,0.06889534,0.12634201,0.0,1.691201446
binning_output.080,0.075520046,0.0,0.19236599,0.20879096,0.27364814,0.040547803,0.045432385,0.0,0.030457504,0.050027262,0.01899636,0.0,0.06598749,0.11986402,0.033391587,0.09456491,0.02665725,0.0970886,0.1096525,0.06613727,0.13887827,0.0,1.688008347
binning_output.091,0.035190556,0.023666658,0.03810811,0.024505138,0.05297344,0.022589505,0.06275333,0.03565645,0.0,0.04575338,0.037232574,0.059890877,0.024483513,0.012141331,0.017617913,0.096538424,0.090351775,0.044297628,0.03900621,0.032842208,0.014416247,0.87069845,1.6807137170000002
binning_output.076,0.06445417,0.0,0.07363632,0.08696783,0.06245539,0.0646204,0.08131716,0.040292963,0.08087201,0.06653879,0.069079116,0.12059706,0.14940073,0.054553118,0.06944219,0.06043916,0.09467342,0.20871189,0.084574655,0.080128364,0.03089413,0.0,1.643648866
binning_output.074,0.12743066,0.0,0.06416367,0.0775158,0.07821918,0.074565835,0.10330971,0.038427033,0.05819394,0.03442333,0.0,0.13723405,0.19943823,0.072284706,0.1957787,0.13080439,0.0,0.024206901,0.05344877,0.049050495,0.06398487,0.0,1.5824802699999998
binning_output.094,0.023001762,0.041681405,0.036987692,0.019167215,0.032676116,0.0,0.04956538,0.0,0.013816438,0.042545397,0.08804502,0.04509453,0.055722058,0.0147246905,0.017305674,0.23186934,0.029774224,0.13182552,0.04035162,0.020772545,0.0,0.6393294,1.5742560265
binning_output.069,0.02490863,0.0,0.0,0.0,0.0,0.052805565,0.025352921,0.14104183,0.0,0.0,0.7111837,0.07320153,0.0,0.0,0.018016681,0.0,0.3440024,0.03631879,0.018963948,0.04222925,0.0,0.0,1.4880252449999998
binning_output.071,0.02281192,0.0,0.05833473,0.12622401,0.05851162,0.087972865,0.047013767,0.101747066,0.04116865,0.0,0.0,0.22785506,0.11314925,0.05721216,0.39858893,0.0,0.014215968,0.016176993,0.05131191,0.030955765,0.011541221,0.0,1.464791885
binning_output.093,0.0,0.55037016,0.0,0.0,0.0,0.0,0.0,0.0,0.0,0.0,0.0,0.0,0.0,0.0,0.0,0.0,0.0,0.0,0.0,0.0,0.0,0.89322317,1.4435933300000001
binning_output.095,0.041884817,0.035869032,0.021369318,0.04081774,0.04493026,0.0,0.041837852,0.0,0.0,0.048896603,0.055360515,0.0,0.02028432,0.012012576,0.0,0.3760736,0.0,0.05709501,0.033836212,0.03697784,0.018155297,0.47569138,1.3610923719999999
binning_output.085,0.041924465,0.0,0.07102215,0.056379274,0.048228495,0.05630506,0.0604252,0.039500438,0.08420804,0.119419016,0.048746496,0.07402977,0.07342005,0.046997186,0.0619698,0.031159874,0.094228424,0.07325665,0.075984865,0.055491477,0.14281067,0.0,1.3555073999999998
binning_output.104,0.0,0.0,0.0,0.0,0.0,0.0,0.0,0.0,0.0,0.033278327,0.0,0.0,0.0,0.0,0.0,0.9359779,0.0,0.0,0.0,0.0,0.37301648,0.0,1.342272707
binning_output.092,0.0,0.0,0.0,0.0,0.0,0.0,0.0,0.0,0.0,0.43233308,0.0,0.0,0.0,0.0,0.0,0.07761024,0.0,0.0,0.0,0.0,0.8199561,0.0,1.3298994199999998
binning_output.089,0.021219065,0.0,0.030315222,0.06289585,0.047691356,0.05220239,0.03773484,0.06589257,0.07396508,0.0,0.0,0.047356054,0.01655617,0.024862807,0.05579032,0.0,0.6879765,0.038815394,0.01789046,0.017584883,0.0,0.0,1.298748961
binning_output.096,0.03266098,0.0,0.38833097,0.0,0.096171014,0.0,0.05172117,0.0,0.0,0.029759709,0.0,0.0,0.08353091,0.0,0.019436039,0.024862824,0.0,0.0,0.3128737,0.017196031,0.20293455,0.0,1.2594778969999998
binning_output.109,0.03898428,0.14145514,0.04448913,0.055475492,0.030458076,0.051682025,0.048426274,0.015948743,0.116650686,0.047652643,0.0362783,0.02506098,0.07149624,0.025074605,0.031465564,0.050144054,0.029843926,0.097759575,0.042657264,0.047974095,0.0,0.19180344,1.240780532
binning_output.097,0.03261814,0.0,0.3824273,0.0,0.090308666,0.0,0.033660475,0.0,0.0,0.020490458,0.0,0.0,0.069699004,0.0,0.017840704,0.023490012,0.0,0.0,0.3335785,0.014552661,0.16703977,0.0,1.18570569
binning_output.102,0.04317034,0.0,0.09142088,0.13621676,0.09076628,0.091737896,0.07256438,0.027986266,0.104612276,0.0386931,0.0,0.022923768,0.062332463,0.03424113,0.038151164,0.0,0.059797727,0.0779969,0.0999134,0.07528573,0.015680948,0.0,1.1834914079999999
binning_output.107,0.07491356,0.0,0.04124443,0.032451026,0.038529098,0.05307502,0.08316234,0.018473329,0.2402369,0.090984605,0.030708728,0.036812358,0.06001374,0.033825103,0.026872853,0.07131133,0.036444716,0.09041329,0.031340823,0.0468759,0.036297284,0.0,1.1739864330000003
binning_output.103,0.032375395,0.0,0.08381632,0.11492512,0.0842581,0.07553439,0.077767305,0.027934523,0.13647445,0.04385461,0.0,0.019443294,0.06169603,0.030059937,0.03569587,0.0,0.07832405,0.07228371,0.10118324,0.06501392,0.012840574,0.0,1.153480838
binning_output.113,0.0,0.2674527,0.0,0.0,0.0,0.0,0.019399408,0.0,0.0,0.026730482,0.016408226,0.0,0.08435526,0.0,0.0,0.17444274,0.08543098,0.041917916,0.01878815,0.0,0.024974719,0.37975794,1.139658521
binning_output.098,0.04547525,0.0,0.08258268,0.12897032,0.07832921,0.13002586,0.06470754,0.042118628,0.09760895,0.03607907,0.0,0.032999523,0.052074786,0.033000953,0.03417127,0.0,0.033102874,0.05519133,0.077200234,0.08200715,0.017600616,0.0,1.1232462439999997
binning_output.124,0.0,0.62218064,0.0,0.0,0.0,0.0,0.0,0.0,0.0,0.0,0.0,0.0,0.0,0.0,0.0,0.0,0.0,0.0,0.0,0.0,0.0,0.49278334,1.11496398
binning_output.086,0.0,0.0,0.022301044,0.029130528,0.0,0.02861438,0.05534306,0.0,0.0,0.17445934,0.0,0.061322074,0.042746767,0.016322503,0.061995663,0.13205916,0.053937774,0.0,0.022131799,0.0,0.41221684,0.0,1.112580932
binning_output.101,0.0475903,0.0,0.0801832,0.058036212,0.07176899,0.085486695,0.06926473,0.015239492,0.036721554,0.027989112,0.0,0.21694475,0.09196051,0.04145091,0.09902231,0.0,0.0,0.035941057,0.06683977,0.025957441,0.032684803,0.0,1.1030818360000003
binning_output.099,0.045577973,0.0,0.08252524,0.12787893,0.078463554,0.1125847,0.06554626,0.033292282,0.0824616,0.038659383,0.0,0.030399207,0.05077245,0.03601704,0.036218707,0.0,0.036479104,0.062291443,0.08208589,0.07870654,0.017447703,0.0,1.0974080059999998
binning_output.110,0.07011997,0.0,0.091577224,0.13480225,0.11929529,0.030613221,0.037438918,0.0,0.03300239,0.032810822,0.0,0.0,0.042803533,0.059916787,0.015085261,0.06350528,0.0,0.11629291,0.052774932,0.06784337,0.070094585,0.0,1.0379767429999998
binning_output.111,0.017932542,0.0,0.40011233,0.030234022,0.15273808,0.0437495,0.01927966,0.059824765,0.03801622,0.0,0.0,0.043028317,0.0,0.0,0.05540751,0.0,0.027674338,0.052518044,0.06153174,0.024966039,0.0,0.0,1.027013107
binning_output.087,0.03775166,0.0,0.027587323,0.02089927,0.021498866,0.0,0.016963502,0.0,0.0,0.019115256,0.0,0.0,0.0,0.4488998,0.01596645,0.0,0.033251353,0.0176034,0.027740214,0.31176272,0.019155111,0.0,1.018194925
binning_output.119,0.030517356,0.0,0.028139932,0.028845547,0.025248885,0.039573256,0.05070001,0.0,0.08127219,0.035393756,0.03287335,0.0,0.15274718,0.019797735,0.0127301365,0.2238311,0.017983358,0.1267103,0.048032682,0.05673189,0.0,0.0,1.0111286634999999
binning_output.108,0.0,0.0,0.0,0.0,0.0,0.0,0.0,0.0,0.0,0.048139095,0.024033163,0.0,0.0,0.0,0.0,0.5073385,0.0,0.0,0.0,0.0,0.42616755,0.0,1.005678308
binning_output.115,0.23064707,0.0,0.03645568,0.09706834,0.085580416,0.0,0.0,0.016626874,0.0,0.0,0.0,0.15667674,0.015250877,0.0,0.047707766,0.0,0.025410108,0.06269069,0.025477568,0.16100095,0.038284827,0.0,0.9988779060000003
binning_output.112,0.040195122,0.0,0.11840385,0.060393542,0.05058722,0.018576665,0.044248935,0.0,0.14032994,0.049028777,0.013536517,0.0,0.08417923,0.0,0.03229141,0.023324374,0.0305245,0.0933302,0.09823497,0.06410914,0.02237211,0.0,0.9836665019999999
binning_output.105,0.024061067,0.0,0.095496915,0.13360974,0.07430265,0.035625663,0.045623627,0.018236073,0.0,0.022032727,0.0,0.050135925,0.048352424,0.04490418,0.022500917,0.07135159,0.047500096,0.014653027,0.07208898,0.029372485,0.13142711,0.0,0.9812751960000001
binning_output.118,0.030837018,0.0,0.28515118,0.012888425,0.08482429,0.0,0.024299825,0.0,0.0,0.013781107,0.0,0.0,0.058955543,0.0,0.017842198,0.022687381,0.0,0.0,0.25913736,0.012241178,0.11637907,0.0,0.939024575
binning_output.106,0.03757851,0.10023458,0.03730197,0.030729925,0.0,0.030263599,0.050821792,0.0,0.0,0.034785718,0.0,0.077330425,0.052823067,0.02705862,0.042129695,0.09545712,0.0,0.052092616,0.035873335,0.10027048,0.0638507,0.06663207,0.935234222
binning_output.116,0.014018448,0.0,0.058687564,0.060566638,0.06494732,0.050385054,0.061476022,0.046407983,0.10892188,0.06923678,0.0,0.0,0.050133046,0.06860688,0.024728179,0.02761864,0.06510921,0.05005684,0.034547817,0.0489687,0.012472534,0.0,0.9168895350000001
binning_output.122,0.025243789,0.0,0.03146033,0.03687466,0.028383622,0.030608483,0.029971424,0.019677827,0.033176802,0.112405606,0.0,0.0639249,0.03185668,0.017928991,0.024837814,0.17138,0.03471906,0.040428676,0.03372341,0.029616134,0.09674607,0.0,0.8929642780000001
binning_output.126,0.0,0.0,0.0,0.04686362,0.0,0.022831285,0.021694941,0.0,0.14450747,0.03713917,0.036475852,0.018165529,0.045921855,0.0,0.0092188185,0.17965896,0.0,0.31781808,0.0,0.009596353,0.0,0.0,0.8898919335
binning_output.117,0.0,0.0,0.0,0.0,0.0,0.0,0.0,0.0,0.0,0.0,0.0,0.0,0.0,0.0,0.0,0.3779394,0.0,0.0,0.0,0.0,0.0,0.50391656,0.88185596
binning_output.114,0.018034102,0.0,0.10868362,0.0,0.09260768,0.09969681,0.05144018,0.11305056,0.078632966,0.029118892,0.0,0.063503645,0.023324376,0.0,0.1102815,0.0,0.01626839,0.016039204,0.028503167,0.027183097,0.0,0.0,0.876368189
binning_output.129,0.039072406,0.0,0.036630925,0.037036795,0.028475743,0.057958502,0.055379983,0.020687489,0.09539857,0.043301813,0.061375055,0.038277924,0.06399115,0.020351663,0.0334853,0.049674105,0.05000787,0.07162417,0.028514817,0.044321485,0.0,0.0,0.875565765
binning_output.131,0.04244649,0.021968061,0.08830233,0.019876124,0.022707013,0.07820648,0.082401805,0.0,0.05153708,0.029936032,0.026020164,0.0,0.16100697,0.0,0.057412874,0.027412836,0.0,0.035853297,0.07475011,0.050007537,0.0,0.0,0.8698452029999999
binning_output.134,0.067670986,0.0,0.0674257,0.10573918,0.096102,0.029650798,0.027933916,0.0,0.022944083,0.02202764,0.0,0.0,0.027014049,0.06849971,0.015635101,0.030723939,0.0,0.08408863,0.043818943,0.058242742,0.061884157,0.038615175,0.8680167490000001
binning_output.125,0.05442823,0.0,0.063331835,0.12744695,0.09045139,0.032343283,0.032362085,0.0,0.026266614,0.019232355,0.0,0.0,0.03273261,0.062893294,0.019636566,0.03878131,0.023248257,0.09191637,0.04151095,0.05622699,0.053986214,0.0,0.866795303
binning_output.128,0.04395772,0.0,0.04353761,0.05483353,0.03754144,0.061494116,0.045249518,0.017104227,0.0928235,0.037083555,0.018584315,0.020398939,0.06419269,0.023307806,0.041248914,0.04181326,0.031329278,0.09630552,0.040274635,0.05208514,0.0,0.0,0.8631657129999999
binning_output.100,0.0,0.116567,0.05009148,0.0,0.0,0.0,0.0,0.0,0.0,0.049593963,0.0,0.0,0.0358778,0.0,0.031312156,0.0,0.042594306,0.0,0.052347023,0.0,0.06976189,0.4045117,0.8526573179999999
binning_output.121,0.035473485,0.0,0.07813487,0.035184518,0.040608637,0.030381009,0.032351367,0.027501782,0.061754066,0.049332764,0.0,0.022408538,0.06351182,0.042065617,0.035232134,0.030032327,0.03733578,0.04733123,0.062361244,0.03634244,0.08483159,0.0,0.8521752180000001
binning_output.130,0.0,0.029009437,0.0,0.0521837,0.0,0.016199522,0.018632682,0.0,0.097076185,0.028299574,0.025054483,0.0,0.045796607,0.0,0.008556356,0.20822564,0.0,0.27315977,0.0,0.0,0.0,0.04403299,0.846226946
binning_output.133,0.043800533,0.023756007,0.08991723,0.022803968,0.024751348,0.07235373,0.07285668,0.0,0.045140315,0.026539465,0.022827575,0.0,0.15742968,0.0,0.06002736,0.024683744,0.0,0.03572393,0.07283652,0.048695635,0.0,0.0,0.8441437199999998
binning_output.141,0.017243745,0.0,0.1526629,0.023343185,0.06985347,0.065672085,0.029895935,0.06483189,0.041167933,0.01954109,0.0,0.05110369,0.019589702,0.0094553465,0.05020037,0.032032873,0.070932664,0.040756952,0.055069923,0.028995192,0.0,0.0,0.8423489455
binning_output.142,0.033628374,0.02455664,0.017205585,0.04057165,0.05178839,0.013512909,0.02707963,0.015255926,0.02614595,0.029258354,0.029949347,0.035937678,0.018035378,0.0,0.01617651,0.0587968,0.080204226,0.05370077,0.029317452,0.021894405,0.0146396505,0.20090629,0.8385619144999998
binning_output.138,0.041507676,0.05959897,0.036219925,0.061162442,0.03613509,0.038614668,0.032271557,0.0,0.0,0.024127508,0.0,0.04001351,0.06034484,0.0722501,0.03696557,0.046083786,0.03438205,0.037201457,0.034471203,0.035651974,0.055169355,0.05346783,0.8356395109999999
binning_output.120,0.043203775,0.0,0.054340523,0.10575587,0.07268787,0.04322657,0.024503108,0.0,0.01574763,0.013593746,0.0,0.03267037,0.028057335,0.061622407,0.042345002,0.03186706,0.024023347,0.087663,0.047878586,0.049528338,0.05285875,0.0,0.8315732869999999
binning_output.144,0.034790654,0.020711593,0.078697816,0.01973122,0.021397885,0.07260478,0.08003482,0.0,0.048979387,0.031311076,0.024717119,0.0,0.15320385,0.008681369,0.050811414,0.030099835,0.0,0.034739774,0.07101832,0.04234137,0.0,0.0,0.8238722820000002
binning_output.169,0.0,0.189752,0.04255946,0.0,0.022818731,0.0,0.04098129,0.0,0.025777575,0.036923844,0.012746747,0.0,0.038188633,0.014352104,0.0,0.04312869,0.0,0.019473309,0.063401714,0.012209524,0.01774211,0.23089956,0.810955291
binning_output.127,0.021020142,0.0,0.05313113,0.029843798,0.043688476,0.04154357,0.04266268,0.008504858,0.012483534,0.0,0.0,0.24756016,0.049377464,0.022317413,0.0470388,0.025908103,0.0,0.015437444,0.034043703,0.012612872,0.019306887,0.07326808,0.7997491140000001
binning_output.181,0.0,0.30622625,0.0,0.0,0.0,0.0,0.0,0.0,0.0,0.0,0.0,0.0,0.0,0.0,0.0,0.0,0.0,0.0,0.0,0.0,0.0,0.4871655,0.79339175
binning_output.157,0.02617753,0.0,0.02831152,0.055230297,0.027394028,0.04995706,0.04356626,0.020823319,0.073325366,0.033425655,0.02614533,0.03307722,0.04826706,0.0182523,0.025739858,0.038893428,0.037521712,0.13544063,0.030902442,0.035523314,0.0,0.0,0.787974329
binning_output.145,0.0,0.07117214,0.032045018,0.014663667,0.042028178,0.0,0.022311505,0.0,0.03316528,0.03183912,0.016661184,0.0,0.06660401,0.01746115,0.015287538,0.17033662,0.03185965,0.035578206,0.029813657,0.0167419,0.065198205,0.070325695,0.783092723
binning_output.146,0.21658877,0.055785414,0.055995617,0.019845325,0.072006375,0.0,0.03794824,0.0,0.0,0.0723753,0.0,0.0,0.02123701,0.024701456,0.0,0.044351637,0.0,0.03856794,0.031735398,0.032457095,0.03645911,0.014719561,0.7747742480000002
binning_output.132,0.039313298,0.0,0.04977588,0.054229613,0.033085845,0.04511234,0.038011726,0.013124035,0.070399225,0.02935048,0.0,0.019599441,0.057142753,0.019955412,0.03964025,0.02792751,0.0222049,0.121052705,0.04357775,0.050762545,0.0,0.0,0.7742657079999999
binning_output.150,0.0,0.0,0.07835706,0.0,0.0,0.06724368,0.087120436,0.0,0.022807548,0.030372566,0.03288682,0.0,0.20805141,0.0,0.02551318,0.021310456,0.03104568,0.050054576,0.10041867,0.0187942,0.0,0.0,0.773976282
binning_output.148,0.024720844,0.0,0.08974853,0.035971988,0.033442337,0.023397675,0.051390972,0.0,0.11470713,0.056930948,0.01607949,0.0,0.051823758,0.0,0.02210308,0.0,0.030036455,0.06339687,0.0682193,0.046238262,0.026232988,0.0,0.7544406269999999
binning_output.160,0.02518108,0.0,0.028768586,0.024236262,0.020394513,0.037418284,0.05460121,0.0,0.15802765,0.040605824,0.037168693,0.0,0.064894125,0.014843711,0.015397446,0.044392284,0.0,0.08761376,0.029416282,0.05944143,0.0,0.0,0.7424011400000001
binning_output.158,0.022296805,0.0,0.019797703,0.014451048,0.02850948,0.05554985,0.038571354,0.05297182,0.017800225,0.033119075,0.0411394,0.09432294,0.03252804,0.014910887,0.019896477,0.035468854,0.10791341,0.05320683,0.031117452,0.025295073,0.0,0.0,0.7388667230000001
binning_output.203,0.01721813,0.16156104,0.027456267,0.0,0.018870104,0.014322017,0.035749782,0.0,0.031308953,0.025907982,0.016529033,0.0,0.038948935,0.020949014,0.0,0.043033697,0.0,0.02174426,0.03486257,0.01570755,0.012883534,0.19572794,0.732780808
binning_output.188,0.020557897,0.043124046,0.02004899,0.04800571,0.023488102,0.024119254,0.035874195,0.0,0.050814386,0.026365034,0.024924554,0.022781515,0.05984542,0.013608036,0.0119518405,0.05414102,0.027258389,0.12991965,0.025856886,0.027531669,0.0,0.041818727,0.7320353205000001
binning_output.153,0.0,0.0,0.0,0.0,0.0,0.0,0.01889027,0.0,0.0,0.031317294,0.0,0.0,0.038096208,0.0,0.0,0.1246585,0.0,0.026959628,0.0,0.0,0.0,0.48601356,0.7259354600000001
binning_output.171,0.015932392,0.0,0.021531157,0.022030322,0.015467734,0.03723299,0.0529337,0.0,0.110718265,0.034440696,0.05820145,0.02494016,0.05458893,0.0152366,0.018721329,0.037849918,0.021363351,0.09795951,0.027140662,0.04404971,0.0,0.0,0.710338876
binning_output.182,0.030049574,0.0,0.019067584,0.02713045,0.04615902,0.036473133,0.030276706,0.028638955,0.024481526,0.03243702,0.04505865,0.048037108,0.019868577,0.010004709,0.01233939,0.03330166,0.105876744,0.04243508,0.03564446,0.02249978,0.0,0.05890324,0.7086833659999999
binning_output.140,0.057851616,0.0,0.021936541,0.020660048,0.020299258,0.06347519,0.029410202,0.09775942,0.015234661,0.017411612,0.0,0.11062001,0.02333758,0.01703463,0.05936597,0.022637913,0.03067759,0.022879813,0.01886668,0.059016246,0.0,0.0,0.70847498
binning_output.179,0.02726366,0.0,0.03275756,0.032614037,0.024233995,0.05065471,0.042269327,0.02008836,0.07333462,0.03230682,0.03329267,0.032761116,0.05357491,0.018914767,0.027684385,0.038601853,0.04237762,0.06063139,0.031194143,0.033407494,0.0,0.0,0.7079634369999999
binning_output.151,0.042857036,0.0,0.02048091,0.02251968,0.026904192,0.050091803,0.026468439,0.071120955,0.016332997,0.021185746,0.02062777,0.096377656,0.020649469,0.013850426,0.04405738,0.02106563,0.07848631,0.03291238,0.025130108,0.04513502,0.0,0.0,0.6962539069999999
binning_output.217,0.0,0.05050903,0.014022833,0.0,0.0,0.0,0.031707752,0.0,0.0159207,0.03051762,0.013540909,0.0,0.10544912,0.0,0.009685891,0.18606116,0.04085352,0.060720116,0.022359835,0.0,0.03731302,0.07750697,0.696168476
binning_output.164,0.03923419,0.0,0.065643124,0.10007645,0.07502786,0.025474437,0.02709413,0.0,0.016791936,0.021354353,0.0,0.0,0.022463623,0.04674617,0.016258396,0.024518855,0.021262523,0.05114616,0.056799706,0.037820064,0.047705423,0.0,0.6954174000000001
binning_output.137,0.040390655,0.0,0.057836715,0.10484129,0.07467989,0.025516173,0.022092577,0.0,0.015376465,0.016737623,0.0,0.0,0.023142653,0.047428217,0.020142013,0.030404758,0.017373335,0.065515205,0.047399685,0.040218845,0.045935467,0.0,0.6950315659999998
binning_output.147,0.018705614,0.0,0.20845601,0.0,0.081896774,0.0,0.034080934,0.0,0.0,0.019251278,0.0,0.0,0.05325272,0.0,0.011643242,0.020470547,0.0,0.0,0.14221025,0.0,0.101419926,0.0,0.691387295
binning_output.149,0.04752239,0.0,0.023591567,0.020283068,0.021959532,0.045520347,0.026835635,0.07764506,0.01154855,0.018630117,0.01930382,0.090426445,0.02287615,0.013795825,0.042969543,0.022207322,0.03949959,0.037064727,0.019937666,0.07143656,0.0,0.0,0.6730539139999999
binning_output.187,0.0,0.058490165,0.024117447,0.02035768,0.01721659,0.0,0.030160384,0.0,0.014185931,0.036306772,0.0,0.0,0.06818614,0.01570679,0.011562165,0.122141324,0.024394605,0.04022064,0.02004952,0.0,0.07316629,0.089368716,0.665631159
binning_output.173,0.03266958,0.0,0.01840632,0.035574846,0.02956114,0.01984685,0.025649128,0.022875797,0.019990843,0.020801155,0.049336072,0.04466931,0.021501634,0.010797333,0.019179443,0.03802296,0.042268332,0.056855004,0.025524426,0.02906484,0.0,0.10192124,0.6645162530000002
binning_output.189,0.023261344,0.0,0.034879517,0.026013995,0.02286217,0.046290696,0.037774347,0.014527164,0.07843956,0.026467884,0.021868555,0.022716418,0.060541935,0.016128229,0.026398757,0.028519792,0.03553853,0.06945035,0.0387639,0.03144654,0.0,0.0,0.661889683
binning_output.196,0.03180206,0.0,0.015549296,0.023258178,0.017420296,0.020644337,0.026892249,0.025952416,0.0,0.023239896,0.044587724,0.04737245,0.022708261,0.010510492,0.020782888,0.12031873,0.019033745,0.028566916,0.0,0.024559524,0.06834496,0.06937871,0.6609231279999999
binning_output.136,0.022445833,0.0,0.17761664,0.0,0.06768938,0.0,0.022287281,0.0,0.0,0.017374901,0.0,0.0,0.044612482,0.0,0.016142625,0.02914875,0.0,0.0,0.1393056,0.013522179,0.107570074,0.0,0.657715745
binning_output.175,0.025979297,0.0,0.15790777,0.0133065805,0.21461438,0.01789478,0.03377162,0.01909564,0.0,0.024591459,0.0,0.056766,0.029915871,0.0,0.027724791,0.0,0.0,0.0,0.015535769,0.0,0.020257449,0.0,0.6573614065000001
binning_output.139,0.026576329,0.0,0.046457533,0.06999078,0.044914894,0.06378672,0.043577902,0.014348433,0.049970713,0.024424432,0.0,0.01867865,0.03497324,0.025776278,0.023623273,0.0,0.034160063,0.03656179,0.050852194,0.046659324,0.0,0.0,0.6553325480000001
binning_output.207,0.0,0.07824653,0.0,0.030543214,0.0,0.0,0.01920287,0.0,0.022020275,0.017928192,0.0,0.0,0.04976926,0.0,0.0,0.16068943,0.028474135,0.119413204,0.0,0.0,0.03785651,0.09065871,0.65480233
binning_output.210,0.020690234,0.059619073,0.021485316,0.024526661,0.018121323,0.024155634,0.028850196,0.020827403,0.028070165,0.023611534,0.023423212,0.04286158,0.040053073,0.018821105,0.023445405,0.041169055,0.040702075,0.05307132,0.024272494,0.025220668,0.0,0.05126835,0.654265876
binning_output.186,0.023761446,0.0,0.026142647,0.032672722,0.023222385,0.042437464,0.05041912,0.017510517,0.062790334,0.032952122,0.023189522,0.028000843,0.040864985,0.014595136,0.02784678,0.044612624,0.038508505,0.06799394,0.026518576,0.029958444,0.0,0.0,0.653998112
binning_output.123,0.0,0.0,0.0,0.0,0.0,0.0,0.0,0.0,0.0,0.0,0.0,0.0,0.0,0.0,0.0,0.0,0.0,0.0,0.0,0.0,0.64834636,0.0,0.64834636
binning_output.185,0.026308915,0.0,0.0,0.025842289,0.023956107,0.016306633,0.018484687,0.025451615,0.017243149,0.020159338,0.036546905,0.043514874,0.028202299,0.00902167,0.02284729,0.040485572,0.04728968,0.0348912,0.017657142,0.022792004,0.027923051,0.14032722,0.6452516399999999
binning_output.216,0.035885964,0.0,0.06008911,0.013907026,0.03757323,0.02452089,0.032698322,0.018974517,0.024532134,0.032698758,0.013430688,0.029208874,0.039649535,0.011572691,0.017742727,0.04634998,0.020624725,0.027182488,0.0359521,0.048551567,0.06959061,0.0,0.6407359360000001
binning_output.155,0.0,0.0,0.029684912,0.048246536,0.014862822,0.059302405,0.051153358,0.023532743,0.0,0.038577143,0.0,0.037577976,0.0522643,0.032886952,0.024610745,0.06544434,0.04142252,0.0,0.02000854,0.017368311,0.0826557,0.0,0.6395993029999999
binning_output.156,0.039740562,0.0,0.047481563,0.078293726,0.053109903,0.021068215,0.024606768,0.017110229,0.017178372,0.020812087,0.0,0.0,0.030145276,0.03642813,0.020372886,0.051280618,0.024170956,0.04810214,0.038544744,0.03230157,0.037566025,0.0,0.6383137699999999
binning_output.152,0.020431345,0.0,0.06350627,0.029940192,0.028038658,0.04180438,0.03837264,0.0092894295,0.0,0.0148325125,0.0,0.13369977,0.043683656,0.032375187,0.10367039,0.0,0.0,0.0,0.05712017,0.0,0.02137426,0.0,0.6381388600000001
binning_output.176,0.027860008,0.0,0.023570215,0.015822116,0.019269966,0.032810055,0.039174195,0.0,0.11104143,0.031174589,0.03883257,0.02405997,0.045357425,0.014584218,0.014919187,0.03878078,0.037581034,0.03702406,0.016536044,0.029191002,0.03871812,0.0,0.636306984
binning_output.143,0.0,0.0,0.0,0.0,0.0,0.0,0.0,0.0,0.0,0.0,0.0,0.0,0.0,0.0,0.0,0.0,0.0,0.0,0.0,0.0,0.63559425,0.0,0.63559425
binning_output.243,0.021180876,0.031581808,0.017548488,0.036700387,0.019996986,0.015014398,0.025072843,0.012537244,0.028419636,0.01778781,0.02355814,0.039410472,0.018151453,0.0,0.018430926,0.046650596,0.042730134,0.051562186,0.015200864,0.0175941,0.0,0.12951885,0.628648197
binning_output.162,0.016294206,0.0,0.026653703,0.041108005,0.03126057,0.035989232,0.041001365,0.03757636,0.074066415,0.046538383,0.0,0.02465113,0.03571484,0.049407743,0.035877846,0.0,0.054774314,0.030102367,0.014860012,0.032250226,0.0,0.0,0.6281267170000001
binning_output.165,0.0,0.0,0.0,0.0,0.0,0.014366884,0.14271066,0.013445202,0.0,0.105826534,0.0,0.031060344,0.047196597,0.018102484,0.012734726,0.06319798,0.024728777,0.11127413,0.015287523,0.019990422,0.0,0.0,0.619922263
binning_output.172,0.017297043,0.0,0.1941823,0.0,0.09547437,0.0,0.035210703,0.0,0.0,0.01649829,0.0,0.0,0.049287736,0.0,0.011970771,0.022331662,0.0,0.0,0.100374006,0.0,0.07680168,0.0,0.619428561
binning_output.192,0.0,0.0,0.034784965,0.016964912,0.02563544,0.0,0.025443828,0.0,0.015262346,0.023877304,0.0,0.0,0.11408881,0.0,0.014495408,0.13023393,0.02354512,0.052043006,0.03223384,0.0,0.057251994,0.050611295,0.6164721979999999
binning_output.214,0.016685642,0.0,0.018445473,0.0132833505,0.014796753,0.038595334,0.035957325,0.03229618,0.018065002,0.023817219,0.06306029,0.11449271,0.028803827,0.011164725,0.019268902,0.036851667,0.050497454,0.0428393,0.019138081,0.017905558,0.0,0.0,0.6159647925000001
binning_output.237,0.017955212,0.10809351,0.020602766,0.020930909,0.020507643,0.011830485,0.028090764,0.0,0.018186409,0.020232122,0.0,0.02295259,0.027982544,0.01808477,0.010407828,0.0657625,0.0,0.044918314,0.025952235,0.017550686,0.0,0.11373126,0.613772547
binning_output.197,0.029141884,0.038305122,0.07211876,0.0,0.03426207,0.016475698,0.032501925,0.016354682,0.01858067,0.029284518,0.036722917,0.0,0.034504697,0.013559878,0.011193363,0.0,0.03653685,0.019525545,0.057983305,0.038735338,0.05140637,0.025733907,0.6129274990000001
binning_output.194,0.019075094,0.0,0.023728903,0.014820615,0.018771866,0.031615905,0.041154765,0.013363653,0.0676508,0.029731257,0.025211543,0.050212227,0.062320184,0.014832216,0.026348932,0.05558228,0.026059624,0.037065014,0.027755463,0.026095401,0.0,0.0,0.6113957419999999
binning_output.233,0.04565466,0.057109706,0.021153143,0.022246057,0.01967522,0.013417875,0.0308245,0.0,0.015433535,0.019802343,0.024639668,0.022248441,0.030292641,0.012584375,0.014136822,0.068151295,0.01840092,0.031100495,0.01742305,0.03297946,0.06599974,0.027268033,0.610541979
binning_output.257,0.0285708,0.042792924,0.01754871,0.020538561,0.01700408,0.02221096,0.025474444,0.015926318,0.031482182,0.03957705,0.027495366,0.02277825,0.026297241,0.015997818,0.024026092,0.06000417,0.037650984,0.028469669,0.014932889,0.023749199,0.03887422,0.025601236,0.607003163
binning_output.268,0.0,0.17870755,0.0,0.0,0.0,0.0,0.0,0.0,0.0,0.0,0.0,0.0,0.0,0.0,0.0,0.07386137,0.0,0.0,0.0,0.0,0.0,0.35168797,0.60425689
binning_output.247,0.0,0.0,0.0,0.0,0.0,0.0,0.029094227,0.0,0.0,0.017812658,0.09344552,0.0,0.05413616,0.0,0.0,0.3591003,0.0,0.0,0.0,0.0,0.0,0.046092466,0.599681331
binning_output.154,0.0,0.0,0.03490153,0.036192954,0.036745377,0.04842492,0.03843773,0.042354126,0.05578414,0.032212798,0.0,0.024630444,0.02560024,0.040536318,0.030317212,0.0,0.090142965,0.022807332,0.024061564,0.0144239385,0.0,0.0,0.5975735885
binning_output.170,0.02552839,0.0,0.04313148,0.045851164,0.040192787,0.047828127,0.038284987,0.013642661,0.018365566,0.0,0.0,0.11224851,0.0486254,0.022103947,0.057579555,0.0,0.0,0.016979206,0.037039135,0.014000994,0.015822181,0.0,0.59722409
binning_output.221,0.02231692,0.049193427,0.03276889,0.028596519,0.01854952,0.020849431,0.047648527,0.013344235,0.0,0.036204077,0.0,0.023040755,0.023337428,0.022588829,0.01685395,0.039991796,0.048168976,0.017101938,0.021568874,0.021275032,0.03452791,0.05612472,0.5940517540000001
binning_output.198,0.04375905,0.0,0.064796925,0.01299481,0.082919,0.0,0.029096738,0.0,0.0,0.04407576,0.0,0.0,0.017270822,0.054399848,0.0,0.017820759,0.0,0.014127832,0.05547152,0.05728478,0.095073394,0.0,0.5890912380000001
binning_output.159,0.0195796,0.0,0.07188991,0.021625428,0.038045328,0.035950404,0.01759168,0.05522905,0.028285587,0.0,0.0,0.04913082,0.021766337,0.022075081,0.045782294,0.030371642,0.04513156,0.021058366,0.036042072,0.025672112,0.0,0.0,0.5852272709999999
binning_output.178,0.040920664,0.0,0.016087875,0.021385439,0.016659195,0.040762737,0.020434545,0.058625065,0.01174921,0.0138244415,0.025949974,0.10428754,0.019989716,0.013738771,0.06183795,0.0,0.038896408,0.025035,0.013081801,0.041418854,0.0,0.0,0.5846851855000001
binning_output.228,0.026905779,0.0,0.020424422,0.020775426,0.01932636,0.021652026,0.026573297,0.01167986,0.04086037,0.02529593,0.0421367,0.024327552,0.030880678,0.04532609,0.010785707,0.039116107,0.047802262,0.039930783,0.017768929,0.033052325,0.0,0.038303543,0.582924146
binning_output.190,0.017914081,0.0,0.023357648,0.02114604,0.017461099,0.027113294,0.022577958,0.0149480365,0.0323874,0.0164304,0.0,0.050786283,0.029895974,0.033270415,0.023302568,0.032065555,0.06393968,0.027417952,0.022306027,0.024523972,0.028028682,0.053593848,0.5824669125
binning_output.218,0.024641141,0.0712355,0.024116674,0.014495829,0.01807658,0.014621339,0.01860823,0.013678691,0.024732456,0.02458541,0.0,0.0,0.029040061,0.059958003,0.010017882,0.03378695,0.025921777,0.014874761,0.024808137,0.026120003,0.015488784,0.0906452,0.5794534079999999
binning_output.166,0.027561337,0.0,0.0348768,0.0609821,0.05155049,0.04385681,0.030180091,0.018186837,0.026805345,0.0,0.0,0.05945014,0.043296337,0.02754193,0.05967831,0.0,0.0,0.023856014,0.029746335,0.023542732,0.017942188,0.0,0.5790537960000001
binning_output.163,0.021950131,0.0,0.06669728,0.017592708,0.03244673,0.015934529,0.03247358,0.0,0.033368096,0.052587885,0.0,0.0,0.039256487,0.0,0.015143592,0.02522831,0.0,0.035028897,0.049835265,0.02964853,0.11176308,0.0,0.5789551
binning_output.202,0.021115506,0.0,0.021386,0.023888906,0.018476717,0.0213644,0.031366,0.016301807,0.021074412,0.025532639,0.032236136,0.0528174,0.03679734,0.013241296,0.020736422,0.055355217,0.03985038,0.071082085,0.028285293,0.027543085,0.0,0.0,0.5784510410000001
binning_output.258,0.0,0.08848149,0.027742537,0.0,0.0,0.02197386,0.06642792,0.0,0.02083335,0.048017796,0.030420292,0.053009443,0.057028737,0.01624344,0.01681772,0.021135757,0.018964149,0.014996799,0.015777655,0.014389245,0.0,0.038891993,0.5711521829999999
binning_output.254,0.0,0.0713258,0.0,0.022502419,0.0,0.0,0.0,0.0,0.03019442,0.0,0.0,0.0,0.020096991,0.0,0.0,0.10677735,0.0,0.10891132,0.0,0.0,0.0,0.21101125,0.57081955
binning_output.161,0.030275717,0.0,0.046179753,0.03700671,0.024609065,0.032447252,0.029428288,0.0,0.0,0.015946286,0.0,0.09044615,0.03225218,0.06319655,0.058707006,0.0,0.021215033,0.0,0.037998848,0.0,0.049604926,0.0,0.569313764
binning_output.199,0.024844838,0.0,0.037474457,0.035408273,0.038172938,0.04615328,0.036596734,0.008784246,0.019881187,0.013467779,0.0,0.09536801,0.043210328,0.028450923,0.059523355,0.0,0.0,0.0175812,0.03103558,0.014036047,0.017531494,0.0,0.567520669
binning_output.253,0.02454057,0.0,0.017273037,0.016771814,0.015064579,0.022291457,0.023663595,0.023533896,0.0,0.020717558,0.031034686,0.0821981,0.022028074,0.009694267,0.021088544,0.033898447,0.03701061,0.03495656,0.017408935,0.020496279,0.038077325,0.05342341,0.565171743
binning_output.205,0.0,0.15459472,0.0,0.0,0.0,0.0,0.0,0.0,0.0,0.0,0.0,0.0,0.037079737,0.0,0.0,0.07927085,0.0,0.02102357,0.0,0.0,0.12696458,0.14617158,0.5651050369999999
binning_output.168,0.024408042,0.0,0.031216389,0.04887483,0.03323982,0.042524666,0.031394273,0.016177528,0.036474843,0.025214849,0.0,0.023030415,0.029400073,0.023183899,0.024998592,0.0,0.037522405,0.030544214,0.03462816,0.030856267,0.0,0.03607785,0.5597671150000001
binning_output.206,0.031866815,0.0,0.013892071,0.02113698,0.016502943,0.02294977,0.021806011,0.027251953,0.0,0.01777579,0.024062129,0.067635074,0.019701663,0.009598046,0.026796125,0.032333743,0.036131725,0.06728918,0.012205887,0.03426678,0.05201353,0.0,0.555216215
binning_output.239,0.0,0.043805,0.017041655,0.0,0.013871646,0.0,0.018022675,0.0,0.0,0.01907824,0.0,0.0,0.053905286,0.0,0.013000281,0.086115085,0.07964074,0.018833175,0.017902924,0.0,0.10629477,0.06603608,0.5535475569999999
binning_output.184,0.036308754,0.0,0.035304293,0.044209905,0.03244633,0.022178426,0.01927724,0.021866562,0.018522236,0.017871978,0.0,0.037496712,0.019100035,0.04870162,0.032142792,0.041559026,0.032765288,0.0,0.029223438,0.02706054,0.029440008,0.0,0.5454751830000001
binning_output.204,0.02242947,0.0,0.03684331,0.03715837,0.036453236,0.04539823,0.033992566,0.009524085,0.019158376,0.012708797,0.0,0.09230543,0.042881466,0.023102991,0.05655745,0.0,0.0,0.016887063,0.03172801,0.010866645,0.016116451,0.0,0.544111946
binning_output.226,0.042599015,0.0,0.021505123,0.02576975,0.021424346,0.018889612,0.022530477,0.010980668,0.035116732,0.036448512,0.0,0.019705249,0.01490241,0.058445275,0.011226467,0.03511494,0.03914138,0.029842343,0.014750649,0.044329606,0.040274225,0.0,0.542996779
binning_output.209,0.0,0.0,0.04678668,0.016211784,0.026235469,0.06645806,0.022842363,0.031599242,0.021528559,0.0,0.0,0.05191669,0.01618791,0.009418435,0.027517831,0.0,0.13218597,0.018542036,0.03891061,0.014062339,0.0,0.0,0.540403978
binning_output.201,0.032250803,0.0,0.026970688,0.016501566,0.021958748,0.0145216705,0.01792644,0.017101526,0.021461304,0.034251373,0.021789322,0.0,0.034115065,0.113038965,0.0,0.038461868,0.042261384,0.021577071,0.025875114,0.039910905,0.0,0.0,0.5399738125000001
binning_output.174,0.023703218,0.0,0.02627226,0.014750473,0.018124657,0.031785034,0.041473374,0.0,0.10396978,0.028463682,0.026694965,0.0,0.049641363,0.013953993,0.015181482,0.041439258,0.020205088,0.035156377,0.018015236,0.030250503,0.0,0.0,0.539080743
binning_output.167,0.015018894,0.0,0.031888258,0.031160526,0.02886637,0.035391178,0.03316573,0.02999837,0.049272586,0.026576517,0.0,0.023302393,0.032056354,0.02559643,0.030351702,0.0,0.06917644,0.02556061,0.02486165,0.024271367,0.0,0.0,0.5365153749999999
binning_output.224,0.0,0.18621905,0.0,0.0,0.0,0.0,0.0,0.0,0.0,0.0,0.0,0.0,0.0,0.0,0.0,0.060936384,0.0,0.0,0.0,0.0,0.0,0.28733706,0.534492494
binning_output.236,0.02387325,0.07341273,0.018951183,0.014380245,0.015598325,0.013152297,0.019241627,0.011766381,0.023424812,0.020245224,0.0,0.018969897,0.020030115,0.039942343,0.010282792,0.0,0.03003297,0.019129546,0.017146684,0.026109045,0.0,0.11722286,0.532912326
binning_output.262,0.0,0.0,0.0,0.0,0.0,0.0,0.015902057,0.0,0.010887812,0.015454248,0.0,0.0,0.14207979,0.0,0.0,0.28818843,0.0,0.045883086,0.013653996,0.0,0.0,0.0,0.5320494189999999
binning_output.135,0.18701403,0.0,0.017854251,0.024729932,0.021781335,0.0,0.0,0.0,0.0,0.022554629,0.0,0.0,0.0,0.2013467,0.007576498,0.0,0.0,0.025782146,0.0,0.019930344,0.0,0.0,0.528569865
binning_output.213,0.01690279,0.0,0.018189825,0.034911543,0.020306833,0.062182482,0.028632198,0.08715587,0.051330265,0.0,0.0,0.030087452,0.0,0.0207343,0.040022053,0.0,0.07378489,0.017365478,0.012319891,0.013542991,0.0,0.0,0.527468861
binning_output.223,0.035870053,0.038177207,0.02497928,0.027396986,0.025788477,0.024211073,0.022581626,0.0,0.0,0.02243577,0.0,0.06263344,0.02974936,0.033702854,0.046655558,0.02860515,0.0,0.032938972,0.029118203,0.018838555,0.023612032,0.0,0.527294596
binning_output.211,0.033019092,0.0,0.029790198,0.0,0.0173201,0.019556899,0.026794137,0.013663363,0.015042577,0.029055052,0.0,0.018702833,0.023235992,0.016992113,0.013002863,0.02978033,0.02838547,0.022304125,0.03274378,0.065601565,0.08978292,0.0,0.524773409
binning_output.191,0.0,0.0,0.0,0.01796465,0.0,0.0,0.04799546,0.0,0.0,0.047037583,0.0,0.0,0.056088235,0.022339579,0.0,0.10282372,0.0,0.032066178,0.0142460605,0.0,0.114223935,0.069481075,0.5242664754999999
binning_output.208,0.046370786,0.0,0.04135662,0.017623836,0.037459526,0.0,0.017855583,0.0,0.01599512,0.028951643,0.0,0.0,0.027819928,0.053284414,0.011775143,0.058053207,0.02040415,0.019465115,0.035350803,0.04292804,0.048841834,0.0,0.5235357479999999
binning_output.231,0.03197475,0.0,0.029648658,0.04061981,0.027663795,0.03350679,0.02099909,0.017055111,0.034811772,0.013992678,0.0,0.025939679,0.027601251,0.014058948,0.035565764,0.027237777,0.033857338,0.053095702,0.021171382,0.03001311,0.0,0.0,0.5188134050000001
binning_output.249,0.0,0.0,0.035563104,0.0,0.0,0.04313666,0.06676128,0.0,0.022510344,0.04147182,0.032110147,0.0,0.10025472,0.0,0.008901166,0.021723986,0.025310554,0.048338544,0.052215125,0.018046651,0.0,0.0,0.516344101
binning_output.212,0.024319211,0.0,0.03379622,0.032308485,0.03313945,0.042899046,0.032829322,0.0,0.01819361,0.012498784,0.0,0.08274282,0.036994066,0.032709856,0.05210305,0.0,0.0,0.01696177,0.028647082,0.013921067,0.015176192,0.0,0.5092400309999999
binning_output.251,0.028544597,0.0,0.017821243,0.02262605,0.022162115,0.018247273,0.018867405,0.013974313,0.02627532,0.021354912,0.04360424,0.028734902,0.0229557,0.04844661,0.0137808295,0.034375045,0.041274678,0.033229038,0.016593678,0.035954576,0.0,0.0,0.5088225245
binning_output.229,0.0,0.0,0.018839188,0.023065764,0.0,0.019484874,0.043675277,0.0,0.0,0.029286291,0.0,0.017717933,0.11608091,0.017789647,0.028283913,0.07485511,0.032972902,0.0,0.01181952,0.0,0.070725255,0.0,0.504596584
binning_output.220,0.018814147,0.0,0.03125105,0.01820528,0.018955847,0.029822445,0.030615292,0.026699359,0.023413088,0.018703066,0.0,0.03510105,0.03242122,0.014883255,0.026987245,0.033936195,0.04379347,0.021357663,0.023314299,0.026461734,0.029600557,0.0,0.504336262
binning_output.193,0.0,0.0,0.052322805,0.03845669,0.0,0.03694943,0.018408362,0.009060238,0.0,0.0,0.0,0.17050868,0.026099583,0.028665336,0.049433347,0.0,0.0526147,0.0,0.020739775,0.0,0.0,0.0,0.503258946
binning_output.180,0.017842483,0.0,0.039565384,0.016424315,0.02235633,0.019052526,0.041530423,0.0,0.026561758,0.038065333,0.0,0.0,0.04339897,0.00915385,0.019009072,0.036959514,0.021993851,0.03225206,0.030510202,0.024169683,0.06357467,0.0,0.5024204240000001
binning_output.195,0.025444096,0.0,0.028811574,0.037914015,0.027747186,0.030801777,0.022033501,0.015454513,0.013360669,0.0,0.0,0.07218707,0.030532029,0.043850526,0.07810996,0.0,0.016707988,0.0,0.022608345,0.01456157,0.014166762,0.0,0.4942915810000001
binning_output.235,0.02749349,0.038796198,0.019316468,0.019846424,0.023858178,0.011819298,0.0,0.014216332,0.0,0.023654921,0.0,0.015909957,0.015957275,0.08233487,0.011336326,0.0,0.03484912,0.016767468,0.024343958,0.03400365,0.01887932,0.05870621,0.492089463
binning_output.227,0.015527381,0.0,0.051322564,0.01741995,0.031606372,0.047346815,0.016147181,0.030864904,0.019273195,0.0,0.0,0.042234357,0.015924007,0.0110578025,0.032929134,0.0,0.08208221,0.02131257,0.03848863,0.016650185,0.0,0.0,0.49018725750000003
binning_output.244,0.0,0.08855813,0.0,0.0,0.0,0.0,0.08727046,0.0,0.0,0.054404486,0.0,0.0,0.046564654,0.012024693,0.012003121,0.052384656,0.027132206,0.0,0.0,0.0,0.068786696,0.033924807,0.483053909
binning_output.260,0.01859871,0.0,0.015843699,0.017875819,0.0,0.0152551485,0.021730477,0.01427473,0.013987292,0.027699886,0.016806835,0.032698616,0.020087356,0.013567925,0.015588426,0.028946796,0.02878838,0.029116541,0.015260367,0.019200834,0.08141079,0.035889618,0.48262824550000005
binning_output.177,0.0,0.0,0.02425702,0.04517975,0.029774334,0.03187543,0.01967726,0.019901868,0.016119752,0.0,0.0,0.06468973,0.028305123,0.01639223,0.13942783,0.0,0.0,0.0,0.026562274,0.018777456,0.0,0.0,0.480940057
binning_output.232,0.015215889,0.0,0.022697125,0.048762634,0.026527366,0.031141315,0.017192854,0.022242257,0.011734453,0.0,0.0,0.054899372,0.027719645,0.026944917,0.09354413,0.0,0.01538925,0.013982935,0.028212054,0.019306067,0.0,0.0,0.47551226300000005
binning_output.183,0.0,0.0,0.022381838,0.038858578,0.031629197,0.025416853,0.015798751,0.0212502,0.018456792,0.0,0.0,0.057934433,0.031912375,0.016593944,0.15037385,0.0,0.0,0.0,0.020950329,0.021179983,0.0,0.0,0.472737123
binning_output.246,0.06214111,0.03274204,0.03598159,0.015950931,0.051832803,0.0,0.0,0.0,0.0,0.019570818,0.0,0.0,0.0,0.034362335,0.0,0.0,0.0,0.0,0.025568973,0.039672703,0.08253862,0.06722372,0.467585643
binning_output.242,0.021160407,0.0,0.03405719,0.016678449,0.015601459,0.028625732,0.03086765,0.01693224,0.03307084,0.0289693,0.0,0.020420648,0.04346536,0.0119679,0.024831843,0.0,0.026368955,0.021644818,0.037126914,0.02712859,0.027633725,0.0,0.46655202000000007
binning_output.241,0.015192805,0.0,0.017117642,0.018494155,0.012983422,0.020845404,0.017202305,0.017071515,0.0,0.020001605,0.0,0.024982776,0.025970839,0.034597345,0.03545166,0.05433051,0.0,0.0,0.018367073,0.025061112,0.1026042,0.0,0.460274368
binning_output.259,0.0,0.0,0.024148904,0.015860813,0.015324345,0.033285033,0.021978116,0.03155161,0.015935019,0.014445976,0.0,0.048417345,0.045451336,0.009450976,0.027880097,0.065994754,0.0296925,0.02310134,0.01993882,0.016935902,0.0,0.0,0.45939288600000006
binning_output.215,0.027880281,0.0,0.020063087,0.02794758,0.013915815,0.012579475,0.04094477,0.0,0.0,0.022802813,0.0,0.025632018,0.016987782,0.04859615,0.018817924,0.0,0.02926154,0.0,0.017966682,0.0,0.13178006,0.0,0.455175977
binning_output.245,0.0,0.0,0.015536733,0.027937355,0.017775344,0.05178839,0.025108086,0.0729502,0.041544966,0.0,0.0,0.025833983,0.015881337,0.016497936,0.031609032,0.0,0.07347549,0.016168246,0.0118381055,0.010640999,0.0,0.0,0.4545862025
binning_output.256,0.02005413,0.051633596,0.017885046,0.019003456,0.017184358,0.015637591,0.016575586,0.013383173,0.0,0.021166712,0.0,0.037380688,0.022022977,0.029469319,0.023837829,0.0,0.023791261,0.020534823,0.015296575,0.01857112,0.0,0.06856551,0.45199374999999997
binning_output.267,0.022361333,0.0,0.0,0.039741088,0.0,0.02684654,0.030951263,0.035366345,0.01472689,0.02450385,0.0,0.049728636,0.020044139,0.012059306,0.020415818,0.0,0.057520397,0.0,0.012484141,0.01577136,0.017314646,0.04957766,0.44941341199999996
binning_output.200,0.014855845,0.0,0.0,0.057516787,0.022377275,0.014482591,0.0,0.06698829,0.0,0.0,0.0,0.084718145,0.014583795,0.06190884,0.06545985,0.0,0.028708065,0.0,0.0,0.013484184,0.0,0.0,0.44508366700000007
binning_output.219,0.0,0.0,0.041384485,0.0,0.019085247,0.0,0.025737934,0.0,0.0149672935,0.023323651,0.0,0.0,0.028972007,0.0,0.008455898,0.027011873,0.0,0.022939498,0.031173093,0.016185423,0.1852797,0.0,0.44451610249999995
binning_output.273,0.0,0.0,0.09070343,0.0,0.031607118,0.0,0.039826006,0.0,0.017151432,0.021259598,0.0154482145,0.0,0.0635635,0.0,0.0,0.023485076,0.0,0.015701998,0.051747512,0.011253249,0.026234228,0.032877445,0.4408588065
binning_output.261,0.0,0.0,0.0,0.0,0.0,0.0,0.0,0.0,0.0,0.117595635,0.0,0.0,0.0,0.0,0.0,0.13467346,0.019423291,0.0,0.0,0.0,0.15626833,0.0,0.427960716
binning_output.270,0.0,0.0,0.0,0.0,0.0,0.0,0.0,0.0,0.0,0.11870764,0.0,0.0,0.0,0.0,0.0,0.12441014,0.0,0.0,0.0,0.0,0.18480459,0.0,0.42792237
binning_output.272,0.050042063,0.0,0.06273055,0.0,0.09448336,0.0,0.026160188,0.0,0.0,0.04108703,0.0,0.0,0.016646197,0.0,0.0,0.02928002,0.0,0.020691743,0.029144278,0.03606242,0.01980064,0.0,0.426128489
binning_output.240,0.016601874,0.0,0.01883384,0.015293445,0.0,0.016392915,0.01877563,0.0,0.03573977,0.10004892,0.0,0.0,0.022932151,0.0,0.012875218,0.0,0.0,0.036733866,0.01718313,0.019234018,0.09441737,0.0,0.42506214700000006
binning_output.225,0.029365964,0.0,0.02562234,0.016968906,0.026598342,0.0,0.0,0.016983593,0.0,0.02350023,0.0,0.0,0.012075716,0.1173827,0.0074125575,0.0,0.035548016,0.016134052,0.028060768,0.044327304,0.024251545,0.0,0.4242320335
binning_output.252,0.034024008,0.0,0.023595463,0.025090948,0.023938889,0.023676801,0.021401113,0.0,0.011527868,0.0,0.0,0.051317144,0.025640072,0.030844694,0.04343599,0.0,0.0,0.016293706,0.018600635,0.0109571405,0.0,0.061507452,0.42185192350000006
binning_output.234,0.0,0.0,0.019485667,0.046074644,0.021179108,0.023972487,0.0,0.031027302,0.010368912,0.0,0.0,0.08183521,0.019675244,0.015659565,0.09356233,0.0,0.023644123,0.0,0.019900074,0.01534757,0.0,0.0,0.421732236
binning_output.274,0.0,0.1392493,0.0,0.0,0.0,0.0,0.0,0.0,0.0,0.0,0.0,0.0,0.019505614,0.0,0.0,0.03480161,0.0,0.0,0.0,0.0,0.0,0.22799246,0.421548984
binning_output.248,0.0,0.0,0.02400493,0.0,0.0,0.0,0.03584907,0.0,0.0,0.017332299,0.03585865,0.0,0.026710894,0.0,0.010084387,0.16198121,0.0,0.0,0.016189003,0.0,0.088668145,0.0,0.416678588
binning_output.255,0.0,0.0,0.0,0.021996038,0.015299644,0.050085306,0.019793632,0.0872457,0.049710073,0.0,0.0,0.022678604,0.0,0.014093454,0.025294404,0.0,0.088981025,0.0,0.0,0.010544278,0.0,0.0,0.405722158
binning_output.222,0.063115634,0.0,0.01367748,0.08755544,0.013681828,0.0,0.0,0.010546629,0.0,0.0,0.0,0.023553086,0.0,0.11473782,0.020223945,0.0,0.036033206,0.0,0.0,0.018391427,0.0,0.0,0.40151649500000003
binning_output.266,0.040018696,0.0,0.019629672,0.025212187,0.0,0.012206469,0.0,0.0,0.0,0.018650161,0.0,0.049783297,0.024314355,0.0499249,0.03357203,0.062123753,0.031507626,0.0,0.015512229,0.010486799,0.0,0.0,0.39294217400000003
binning_output.263,0.0,0.0,0.029224344,0.0135641,0.021188455,0.01444141,0.0,0.01333323,0.0,0.018711695,0.0,0.01806295,0.02688381,0.0,0.016150674,0.0,0.01847443,0.0,0.017024646,0.01290029,0.07892262,0.08285566,0.381738314
binning_output.264,0.039078202,0.0,0.0229717,0.040341947,0.015054986,0.01938061,0.0,0.009088131,0.0,0.0,0.0,0.07871848,0.015451618,0.048868682,0.064482465,0.0,0.0,0.0,0.017669016,0.010034941,0.0,0.0,0.38114077799999996
binning_output.271,0.0,0.11344919,0.0,0.0,0.0,0.0,0.0,0.0,0.0,0.0,0.0,0.0,0.0,0.018580936,0.0,0.034238275,0.019815706,0.018568747,0.0,0.0136022745,0.0,0.15653333,0.3747884585
binning_output.238,0.024717841,0.0,0.019089295,0.013224117,0.015056205,0.0,0.0,0.0,0.0,0.031136293,0.0,0.0,0.019618645,0.13504839,0.0,0.04961581,0.0,0.023210507,0.0138062965,0.018709017,0.0,0.0,0.36323241649999993
binning_output.250,0.0,0.0,0.0,0.0,0.0,0.0,0.0,0.0,0.0,0.0,0.0,0.0,0.0,0.0,0.0,0.0,0.0,0.0,0.0,0.0,0.35915715,0.0,0.35915715
binning_output.265,0.017003013,0.0,0.025363343,0.014111265,0.02373826,0.011519093,0.0,0.0,0.0,0.019322818,0.0,0.027746096,0.020746505,0.021663448,0.016339326,0.0,0.0,0.0,0.016264496,0.01829465,0.10469898,0.0,0.33681129299999996
binning_output.269,0.0,0.0,0.0,0.0,0.0,0.0,0.0,0.0,0.0,0.1447377,0.0,0.0,0.0,0.0,0.00851046,0.03839495,0.0,0.020501854,0.0,0.012303404,0.093717076,0.0,0.31816544399999996
