Genome	10_S15.sorted Mean	10_S15.sorted Relative Abundance (%)	10_S15.sorted Covered Fraction	12_S16.sorted Mean	12_S16.sorted Relative Abundance (%)	12_S16.sorted Covered Fraction	13_S17.sorted Mean	13_S17.sorted Relative Abundance (%)	13_S17.sorted Covered Fraction	14_S18.sorted Mean	14_S18.sorted Relative Abundance (%)	14_S18.sorted Covered Fraction	1_S6.sorted Mean	1_S6.sorted Relative Abundance (%)	1_S6.sorted Covered Fraction	2_S7.sorted Mean	2_S7.sorted Relative Abundance (%)	2_S7.sorted Covered Fraction	3_S8.sorted Mean	3_S8.sorted Relative Abundance (%)	3_S8.sorted Covered Fraction	4_S9.sorted Mean	4_S9.sorted Relative Abundance (%)	4_S9.sorted Covered Fraction	5_S10.sorted Mean	5_S10.sorted Relative Abundance (%)	5_S10.sorted Covered Fraction	6_S11.sorted Mean	6_S11.sorted Relative Abundance (%)	6_S11.sorted Covered Fraction	7_S12.sorted Mean	7_S12.sorted Relative Abundance (%)	7_S12.sorted Covered Fraction	8_S13.sorted Mean	8_S13.sorted Relative Abundance (%)	8_S13.sorted Covered Fraction	9_S14.sorted Mean	9_S14.sorted Relative Abundance (%)	9_S14.sorted Covered Fraction
unmapped	NA	63.710636	NA	NA	74.49377	NA	NA	52.819504	NA	NA	50.03852	NA	NA	53.170574	NA	NA	62.2324	NA	NA	63.453396	NA	NA	64.45136	NA	NA	66.11676	NA	NA	75.44407	NA	NA	64.8095	NA	NA	76.20026	NA	NA	64.47277	NA
binning_output.001	4.8847084	0.36159253	0.38496757	0	0	0	117.89715	8.530977	0.27141222	5.559955	0.46121696	0.14018643	92.08405	4.798676	0.20137866	0	0	0	33.846626	2.4259562	0.49141553	47.34442	2.1347775	0.4248194	66.73905	4.9913898	0.46652457	2.8046095	0.23976652	0.39086688	39.690758	3.0293667	0.4846018	7.415664	0.6882633	0.48874876	76.74008	6.123969	0.49799687
binning_output.002	15.724712	1.1640283	0.91406125	0.26261184	0.031317893	0.16627114	6.0148163	0.435229	0.120802686	0.41442382	0.03437785	0.17593792	0	0	0	0	0	0	86.10623	6.171662	0.93678916	74.68078	3.367384	0.9562545	26.555544	1.9860797	0.9248047	4.748419	0.4059431	0.8553182	54.94693	4.193783	0.93865657	18.951052	1.7588866	0.91977715	30.911922	2.466816	0.928122
binning_output.003	4.4601107	0.3301615	0.36029285	4.3928766	0.52387446	0.19322725	23.506243	1.7008996	0.3565302	1.6395084	0.13600273	0.11738591	125.72587	6.5518155	0.6572123	0	0	0	23.542109	1.68738	0.40492925	30.910318	1.3937578	0.4688576	16.32933	1.2212647	0.3963703	2.667153	0.22801533	0.34304687	13.822438	1.0549871	0.396663	4.4993515	0.4175942	0.38665268	11.903016	0.94987786	0.38524094
binning_output.004	1.8194417	0.13468492	0.38948256	0	0	0	0	0	0	0	0	0	34.341946	1.7896245	0.16693053	0	0	0	21.292542	1.5261424	0.66351783	17.420137	0.7854805	0.3307084	49.900253	3.732022	0.6905746	1.3021759	0.11132324	0.39602223	24.95863	1.9049484	0.6811839	3.8232727	0.3548459	0.5901518	59.446774	4.7439384	0.69109356
binning_output.005	2.01998	0.14952984	0.18980613	5.541916	0.6609037	0.10739917	0	0	0	54.19013	4.495253	0.48872057	32.503357	1.6938121	0.27932474	5.3163404	0.41778168	0.2849663	7.5439734	0.5407141	0.17368539	25.864754	1.1662513	0.49785274	3.988303	0.29828373	0.17081031	1.4611292	0.12491217	0.21886836	6.37261	0.48638463	0.19827929	2.5477793	0.2364647	0.21631193	3.3770716	0.2694952	0.1682901
binning_output.006	8.552528	0.6331044	0.84423643	0.24920133	0.029718617	0.11711414	0	0	0	0.77664363	0.0644252	0.14653173	0	0	0	0	0	0	43.723824	3.1339042	0.90150154	34.536655	1.5572706	0.89437735	14.268774	1.0671566	0.8669001	3.0731573	0.26272473	0.7011293	29.877085	2.2803457	0.90639603	10.325511	0.95833224	0.8677668	16.86885	1.3461586	0.8731188
binning_output.007	2.9734473	0.22011064	0.36150038	11.186335	1.3340315	0.16394106	5.7370996	0.41513357	0.2223404	0	0	0	48.399513	2.522191	0.48678052	0	0	0	15.886268	1.1386478	0.44742474	6.290308	0.28363234	0.42454562	8.246998	0.61679	0.4355474	1.7775042	0.15195914	0.30585986	7.7132096	0.5887048	0.43534437	2.5218985	0.23406266	0.38868824	6.350625	0.506789	0.4149465
binning_output.008	2.5904093	0.1917561	0.15433197	0	0	0	0.8326075	0.060247045	0.19843343	0	0	0	70.36406	3.6668057	0.726931	12.067301	0.9483022	0.1966128	2.1371303	0.15317875	0.12916714	3.37039	0.15197214	0.21754493	2.8191388	0.21084237	0.14880836	1.5864527	0.13562611	0.14397392	3.7668571	0.2875025	0.14840207	1.7949842	0.16659623	0.17594811	1.7950958	0.14325124	0.13869202
binning_output.009	1.3819671	0.10230067	0.4021041	0	0	0	0	0	0	0	0	0	0	0	0	0	0	0	17.553743	1.258164	0.85835	1.2624984	0.056926522	0.21498296	46.02968	3.442543	0.8867582	1.1572564	0.09893404	0.42547265	20.543524	1.5679688	0.8736984	2.8436387	0.26392403	0.6818999	50.587204	4.036932	0.8852874
binning_output.010	0	0	0	0	0	0	102.667984	7.429002	0.98931783	0	0	0	0	0	0	0	0	0	0	0	0	0	0	0	0	0	0	0	0	0	0	0	0	0	0	0	0	0	0
binning_output.011	0	0	0	0	0	0	0.33449703	0.02420403	0.1906138	0	0	0	96.21108	5.0137434	0.99594486	0	0	0	0	0	0	0	0	0	0	0	0	0	0	0	0	0	0	0	0	0	0	0	0
binning_output.012	21.164642	1.5667213	0.6886107	0	0	0	1.756768	0.12711881	0.11880439	11.582817	0.9608336	0.6192496	12.259643	0.6388734	0.14717549	4.323003	0.3397208	0.5969124	2.9422312	0.21088436	0.21689923	4.991219	0.22505592	0.37991607	6.483315	0.4848848	0.22097902	10.027665	0.8572668	0.6832604	3.3862383	0.25845206	0.22426675	6.423451	0.5961738	0.74523497	7.71066	0.6153218	0.22046262
binning_output.013	0.98036826	0.07257216	0.32254604	0	0	0	4.215325	0.3050187	0.68725777	0	0	0	57.375103	2.9899263	0.89048666	0	0	0	6.398979	0.45864666	0.82412916	5.053498	0.2278641	0.7790619	1.9455955	0.14551039	0.48268336	0.36394086	0.031113362	0.13955456	1.9376973	0.14789326	0.5739999	0.7997005	0.07422187	0.36847758	2.3402543	0.18675569	0.5136482
binning_output.014	0	0	0	0	0	0	0	0	0	30.39484	2.5213542	0.6855114	0	0	0	11.635978	0.91440684	0.7328096	0	0	0	17.300823	0.7801005	0.8075165	0	0	0	0.63120997	0.05396224	0.24802004	0	0	0	0.9420158	0.087430455	0.17889133	0	0	0
binning_output.015	0	0	0	0	0	0	0.20661333	0.014950433	0.12869479	0	0	0	65.66709	3.4220378	0.9906769	0	0	0	0	0	0	0	0	0	0	0	0	0	0	0	0	0	0	0	0	0	0	0	0
binning_output.016	23.439127	1.735091	0.9454038	0	0	0	0	0	0	9.824885	0.8150072	0.9240549	0	0	0	4.3293724	0.34022135	0.8601253	0	0	0	1.7716298	0.07988345	0.5247044	0	0	0	13.187814	1.1274284	0.9399801	0	0	0	6.5579066	0.608653	0.9292976	0	0	0
binning_output.017	0.7378147	0.05461704	0.18614514	1.8729911	0.22336441	0.10351967	18.941929	1.3706281	0.591797	0	0	0	19.02063	0.9912014	0.56878024	0	0	0	5.644864	0.4045955	0.31864485	3.2719417	0.14753307	0.30256742	2.810715	0.21021236	0.2807941	0.5026654	0.04297295	0.15923753	2.6079338	0.19904855	0.26106182	0.9306379	0.08637445	0.22051555	1.9113955	0.15253212	0.2502156
binning_output.018	0.66862893	0.04949553	0.17702866	0	0	0	0	0	0	14.71622	1.22076	0.69088656	6.585662	0.34319144	0.13421927	11.994956	0.94261694	0.69507873	2.507494	0.17972457	0.11955482	12.780189	0.5762635	0.8088539	1.6007055	0.11971619	0.12651294	0.6509292	0.055648044	0.29640752	1.4497024	0.110647425	0.12315776	2.5548286	0.23711897	0.68072724	1.1074482	0.08837597	0.11669297
binning_output.019	0	0	0	47.05381	5.6114235	0.9090733	0	0	0	0	0	0	0	0	0	0	0	0	0	0	0	0	0	0	0	0	0	0	0	0	0	0	0	0	0	0	0	0	0
binning_output.020	14.741163	1.0912206	0.7795779	0	0	0	0	0	0	11.46094	0.95072347	0.74047923	0	0	0	4.9942927	0.39247376	0.6913012	2.0247257	0.14512217	0.20028205	3.1210134	0.14072765	0.443619	3.1797812	0.2378147	0.21643586	6.3689623	0.54448366	0.76967305	2.615648	0.19963734	0.21625422	3.305026	0.30674636	0.77380663	3.6856382	0.29411927	0.21546613
binning_output.021	1.0178629	0.07534772	0.49011084	0	0	0	0.8988042	0.065037005	0.24568608	0	0	0	0	0	0	0	0	0	30.185005	2.1635094	0.97012126	2.6840508	0.12102485	0.68805856	8.285405	0.61966246	0.9311823	0.60622513	0.051826287	0.34307542	4.6332912	0.35363242	0.87927336	1.3608075	0.12629938	0.58655655	7.596535	0.60621446	0.925315
binning_output.022	17.338036	1.2834553	0.9875383	0	0	0	0	0	0	15.820691	1.3123796	0.9731857	0	0	0	3.6775084	0.28899497	0.878092	0	0	0	0.8502277	0.038337085	0.24632189	0	0	0	8.322124	0.71145976	0.97539705	0	0	0	4.1955047	0.38939354	0.90411866	0	0	0
binning_output.023	0	0	0	0	0	0	44.312054	3.206397	0.95914215	0	0	0	6.240701	0.32521486	0.86043954	0	0	0	0.43977875	0.03152113	0.10985227	0	0	0	0	0	0	0	0	0	0	0	0	0	0	0	0	0	0
binning_output.024	0.8530902	0.063150354	0.21416835	0	0	0	0	0	0	15.149902	1.2567352	0.5739819	0	0	0	9.0743	0.7130988	0.5656257	4.204182	0.30133465	0.34716016	2.7853396	0.125592	0.56665266	10.1683	0.7604835	0.36414653	0.8232229	0.07037746	0.34526575	4.500587	0.34350386	0.35614118	0.8353319	0.077528894	0.3165821	11.285402	0.90059143	0.36412024
binning_output.025	0.44809356	0.03317031	0.22947283	0	0	0	0	0	0	25.974152	2.1546433	0.9825977	0	0	0	8.477797	0.666223	0.9066338	0	0	0	18.13724	0.8178149	0.97458375	0	0	0	0.70644903	0.060394444	0.37673047	0	0	0	3.53943	0.32850188	0.85619485	0	0	0
binning_output.026	7.040154	0.5211503	0.44326675	0	0	0	0	0	0	4.2616906	0.3535216	0.32358545	0	0	0	0.98006696	0.07701802	0.25881338	5.0533595	0.3621994	0.559496	0.7844717	0.03537212	0.2042359	11.859154	0.88694185	0.60492355	3.4230044	0.2926332	0.44501293	5.558624	0.4242577	0.5904251	2.7701008	0.25709882	0.59401995	14.669931	1.1706817	0.60964274
binning_output.027	0	0	0	0	0	0	0	0	0	14.268394	1.1836113	0.8962262	0	0	0	12.147998	0.9546437	0.96767163	0	0	0	20.732395	0.93483144	0.9630169	0	0	0	0	0	0	0	0	0	0.4556673	0.042291433	0.22874689	0	0	0
binning_output.028	1.102871	0.08164047	0.11177724	17.565939	2.094834	0.30588347	0	0	0	7.328673	0.6079381	0.28686163	0	0	0	0.62805897	0.049355667	0.13065624	0	0	0	13.479847	0.6078113	0.39302704	0	0	0	2.2016568	0.18822001	0.13366577	0	0	0	0.6353099	0.058964435	0.18284008	0	0	0
binning_output.029	16.63089	1.2311084	0.9624758	0	0	0	0	0	0	11.809329	0.97962356	0.95896757	0	0	0	3.7881222	0.2976875	0.8688138	0	0	0	1.2403181	0.055926405	0.4313994	0	0	0	9.628753	0.8231637	0.96010464	0	0	0	4.5372305	0.42110983	0.9018865	0	0	0
binning_output.030	1.0554758	0.078132026	0.16234815	0	0	0	0	0	0	9.15232	0.7592157	0.9443202	0	0	0	11.922957	0.9369591	0.9125788	0	0	0	18.159695	0.81882733	0.9659444	0	0	0	0.34666696	0.029636616	0.16915962	0	0	0	0.34095287	0.03164455	0.20362705	0	0	0
binning_output.031	15.483644	1.1461831	0.9547171	0	0	0	0	0	0	8.232118	0.68288183	0.9367482	0	0	0	3.193469	0.250957	0.81177485	0	0	0	2.0800595	0.09379066	0.5410617	0	0	0	9.632114	0.82345104	0.9481755	0	0	0	4.480909	0.4158825	0.8895644	0	0	0
binning_output.032	4.7465796	0.3513675	0.76145935	0	0	0	0	0	0	1.3002512	0.10786022	0.17244253	0	0	0	0.54904425	0.04314634	0.115041815	3.4407804	0.24661784	0.5282972	3.308381	0.14917614	0.5085924	5.608799	0.41948003	0.7529014	1.745311	0.14920692	0.53673446	13.724003	1.047474	0.7980065	3.2979345	0.3060882	0.8168446	3.664285	0.29241523	0.70635235
binning_output.033	0.485939	0.035971835	0.12405522	0	0	0	0	0	0	17.890724	1.4840957	0.7016173	4.4829597	0.23361559	0.12626818	7.4386706	0.58456385	0.73422736	0	0	0	6.358857	0.28672323	0.74306625	0	0	0	0.4343882	0.03713592	0.18122889	0	0	0	0.3130268	0.02905267	0.12423526	0	0	0
binning_output.034	5.9587097	0.44109592	0.48927125	0	0	0	0	0	0	8.331533	0.69112873	0.5793984	0	0	0	2.9242973	0.22980429	0.5058073	1.6097958	0.115382075	0.25709724	3.881085	0.17499956	0.4316559	3.659621	0.27370176	0.30339202	3.0624263	0.26180732	0.49441177	2.1462219	0.16380875	0.2985009	2.1288562	0.19758359	0.6277597	4.962062	0.3959797	0.30551916
binning_output.035	13.680956	1.0127383	0.94644684	0	0	0	0	0	0	9.714963	0.8058889	0.9109598	0	0	0	2.5714853	0.20207874	0.7325036	0	0	0	0.67450833	0.030413833	0.24300374	0	0	0	6.5800986	0.56253374	0.92124414	0	0	0	3.3889315	0.3145338	0.8453621	0	0	0
binning_output.036	12.702748	0.94032615	0.7940049	0	0	0	0	0	0	4.322127	0.35853493	0.7133928	6.4358764	0.33538583	0.15995042	1.4875535	0.116898574	0.51261926	0	0	0	1.0838484	0.048871126	0.22805034	0	0	0	5.337449	0.45629936	0.76237774	0	0	0	2.5298488	0.23480055	0.72230774	0	0	0
binning_output.037	10.656604	0.7888595	0.9240462	0	0	0	0	0	0	9.108482	0.75557923	0.90407854	0	0	0	3.1070035	0.24416216	0.73311764	0	0	0	0.7930553	0.03575916	0.27090177	0	0	0	6.8434544	0.585048	0.90325284	0	0	0	4.4040966	0.40875342	0.8707158	0	0	0
binning_output.038	0	0	0	0	0	0	21.728487	1.5722619	0.5061824	0.5246628	0.043522544	0.11654707	0	0	0	0.41117886	0.032312263	0.12932363	0	0	0	9.621593	0.43384123	0.3752561	0	0	0	0	0	0	0	0	0	0.23522484	0.021831706	0.11820806	0	0	0
binning_output.039	2.7928913	0.20674492	0.73040164	0	0	0	0	0	0	0	0	0	0	0	0	0	0	0	5.7636523	0.41310966	0.6623475	4.0060883	0.18063602	0.5947442	4.583822	0.34282237	0.7784434	1.1396942	0.09743265	0.43682754	11.678681	0.8913664	0.8792412	2.8805242	0.26734746	0.7914044	3.647548	0.29107958	0.76244557
binning_output.040	0	0	0	0	0	0	0	0	0	9.698611	0.80453247	0.97254366	0	0	0	3.1505904	0.2475874	0.83600324	0	0	0	12.511127	0.5641314	0.9753312	0	0	0	0	0	0	0	0	0	0.26450145	0.024548931	0.175337	0	0	0
binning_output.041	10.9086895	0.8075203	0.98481023	0	0	0	0	0	0	3.2513242	0.26970828	0.8681279	0	0	0	1.785629	0.14032267	0.70622724	0	0	0	0.56593615	0.02551827	0.25422424	0	0	0	11.428289	0.9770063	0.9820794	0	0	0	4.4316406	0.4113098	0.9392281	0	0	0
binning_output.042	0.75779676	0.05609621	0.11236341	21.853003	2.6060898	0.69650775	0	0	0	0	0	0	0	0	0	0	0	0	1.4164324	0.10152275	0.17284903	0	0	0	2.9876437	0.22344479	0.1873787	0.586608	0.05014921	0.10928433	1.5320135	0.116929755	0.18323958	0.4926365	0.045722622	0.15105885	3.2277665	0.25758043	0.18319388
binning_output.043	0.21137582	0.015647182	0.13864875	0	0	0	0	0	0	0	0	0	0	0	0	0	0	0	0	0	0	0	0	0	2.0977802	0.15689223	0.7627689	0	0	0	12.032673	0.91838455	0.978858	8.781091	0.8149913	0.9709677	4.146128	0.33086702	0.92997044
binning_output.044	0	0	0	0	0	0	0	0	0	2.2031553	0.18275914	0.23608795	0	0	0	15.328486	1.2045807	0.80049896	0	0	0	7.1512885	0.32245424	0.7656146	0	0	0	0	0	0	0	0	0	0	0	0	0	0	0
binning_output.045	0	0	0	0	0	0	0	0	0	13.485132	1.1186371	0.8698803	0	0	0	9.503837	0.74685377	0.9595233	0	0	0	4.1264563	0.18606344	0.7688199	0	0	0	0	0	0	0	0	0	0.8858258	0.08221535	0.4157578	0	0	0
binning_output.046	7.836543	0.58010334	0.87644094	0	0	0	0	0	0	3.8526406	0.3195895	0.8533581	0	0	0	1.5451952	0.12142832	0.5566329	0	0	0	10.904392	0.49168313	0.9087662	0	0	0	1.6560638	0.14157717	0.63196725	0	0	0	0.7779319	0.07220149	0.41138405	0	0	0
binning_output.047	0	0	0	0	0	0	27.981312	2.0247133	0.96022826	0	0	0	0	0	0	0	0	0	0	0	0	0	0	0	0	0	0	0	0	0	0	0	0	0	0	0	0	0	0
binning_output.048	1.1038742	0.08171474	0.13115942	0	0	0	0	0	0	8.81861	0.73153335	0.46794915	0	0	0	3.4613552	0.27200872	0.29911432	0	0	0	7.750298	0.34946382	0.4989487	0	0	0	0.637594	0.05450802	0.13122319	0	0	0	0.49039286	0.045514386	0.15356545	0	0	0
binning_output.049	0.65413517	0.048422623	0.30018294	0	0	0	1.1176289	0.080871046	0.26309547	0	0	0	0	0	0	0	0	0	11.730473	0.8407813	0.79295045	2.498115	0.11264094	0.5421104	3.8541393	0.2882497	0.7220351	0.35180873	0.030076187	0.18990363	3.0129533	0.22996135	0.66100824	0.901807	0.08369859	0.3976804	3.772023	0.30101287	0.6937831
binning_output.050	1.7449682	0.12917198	0.5723681	0	0	0	0.83202314	0.06020476	0.13055436	0	0	0	0	0	0	0	0	0	5.0386295	0.36114368	0.70325583	3.8637233	0.17421672	0.66293085	4.978072	0.37230822	0.78516763	0.65608066	0.056088444	0.3202281	5.6238236	0.42923406	0.79434216	1.4359045	0.1332693	0.54584336	2.571579	0.20521572	0.6513758
binning_output.051	1.5044999	0.11137123	0.24599923	7.9567833	0.9488898	0.28155828	0	0	0	1.4399145	0.11944575	0.1885614	0	0	0	0.5038483	0.039594643	0.13637829	1.6575602	0.11880559	0.20165047	8.230513	0.37111685	0.528919	1.2399857	0.09273809	0.21761173	0.917722	0.0784562	0.182405	0.6685826	0.051029056	0.19432966	0.45098606	0.041856956	0.20029499	0.89311355	0.071271755	0.16261615
binning_output.052	1.9181736	0.14199358	0.7039819	0	0	0	0	0	0	0	0	0	0	0	0	0	0	0	4.3338046	0.31062534	0.74224657	4.091029	0.18446603	0.70639896	5.9362254	0.44396815	0.9271721	0.6706239	0.057331745	0.37150973	6.182437	0.4718698	0.9290717	1.3820599	0.12827188	0.58945084	2.1950772	0.17517033	0.6626154
binning_output.053	1.8076943	0.13381532	0.5068114	0	0	0	0	0	0	0	0	0	4.853314	0.25291547	0.23399821	0	0	0	5.237042	0.37536487	0.5989619	4.3077655	0.19423874	0.63596255	1.7329602	0.12960747	0.50291413	0.91053385	0.077841684	0.3225007	1.3452166	0.10267264	0.45919394	1.1557114	0.10726398	0.45957807	1.1046576	0.08815327	0.3395448
binning_output.054	0	0	0	0	0	0	0	0	0	0	0	0	20.563967	1.0716276	0.85484415	0	0	0	0	0	0	0	0	0	0	0	0	0	0	0	0	0	0	0	0	0	0	0	0
binning_output.055	9.038725	0.66909534	0.805192	0	0	0	0	0	0	3.0378184	0.25199726	0.6169321	0	0	0	1.4488348	0.11385589	0.50127065	0.40770146	0.029221991	0	1.5812057	0.07129716	0.2970519	0.60031193	0.044897117	0.12402729	4.8026705	0.41058108	0.7235995	1.4645625	0.11178162	0.14786713	2.459244	0.22824755	0.7335664	0.56792617	0.045321327	0.11539091
binning_output.056	1.08493	0.08031238	0.16685905	0	0	0	0	0	0	3.4306118	0.28458077	0.829367	0	0	0	6.892566	0.54164857	0.89262027	0	0	0	10.568038	0.47651675	0.82374537	0	0	0	1.3798709	0.11796539	0.21314602	0	0	0	0.5841232	0.054213688	0.18339832	0	0	0
binning_output.057	3.7037122	0.27416882	0.60805166	0	0	0	0	0	0	2.9854307	0.24765153	0.8422377	0	0	0	4.220801	0.3316893	0.86674666	0	0	0	4.4185038	0.199232	0.5322105	0	0	0	4.8935766	0.41835266	0.633164	0	0	0	1.9607743	0.18198355	0.55656564	0	0	0
binning_output.058	2.1333911	0.15792514	0.6688093	0	0	0	0	0	0	0	0	0	0	0	0	0	0	0	6.9023333	0.49472457	0.8112215	4.77077	0.2151158	0.79909974	2.3065317	0.17250468	0.67378855	1.1122625	0.0950875	0.4005125	1.7310554	0.13212147	0.59828585	1.4960239	0.1388491	0.60125285	1.4631411	0.116760775	0.42386943
binning_output.059	5.6450205	0.41787496	0.5272767	0	0	0	0	0	0	3.66911	0.304365	0.58333844	0	0	0	1.713499	0.13465437	0.41360036	0	0	0	7.7703557	0.35036823	0.5597429	0	0	0	2.2028055	0.18831821	0.5124868	0	0	0	1.3160596	0.122146234	0.46906036	0	0	0
binning_output.060	6.284176	0.46518865	0.75926214	0	0	0	0	0	0	2.7646952	0.22934075	0.51776594	0	0	0	2.6723084	0.21000189	0.50569296	0.8067709	0.057825286	0.1855526	1.6638421	0.07502326	0.37100998	0.7269827	0.054370772	0.16735817	4.345151	0.37146768	0.6506465	1.8536355	0.14147732	0.22094843	2.0131073	0.1868407	0.6763058	0.76172876	0.060787056	0.16039327
binning_output.061	7.5829697	0.5613324	0.8477458	0	0	0	0	0	0	2.6370008	0.2187481	0.58900505	0	0	0	1.4581819	0.11459042	0.50398743	0.51148695	0.036660813	0.12917458	0.8827953	0.039805565	0.27381682	0.39745864	0.02972579	0.113185644	5.1958475	0.44419387	0.7482734	1.7255327	0.13169996	0.17718913	2.2806518	0.21167205	0.72111136	0.4535824	0.036196534	0.12538297
binning_output.062	7.8528724	0.5813121	0.80935675	0	0	0	0	0	0	4.8888245	0.40554443	0.7974903	0	0	0	1.9760219	0.15528458	0.60144544	0	0	0	4.400483	0.1984194	0.37514845	0	0	0	4.1969366	0.3587968	0.77144957	0	0	0	2.2404754	0.2079432	0.6588586	0	0	0
binning_output.063	0.7611733	0.056346163	0.3611711	0	0	0	0.5453788	0.039463326	0.14012921	0	0	0	0	0	0	0	0	0	5.6922765	0.4079938	0.8104841	4.2487373	0.19157715	0.7259732	3.4203854	0.2558094	0.74756294	0.6989673	0.05975483	0.3700687	3.919691	0.29916742	0.7892869	1.5961989	0.14814655	0.5729473	1.9996095	0.15957172	0.46040237
binning_output.064	6.227478	0.46099162	0.7647579	0	0	0	0	0	0	3.839556	0.3185041	0.661039	0	0	0	2.2494628	0.1767728	0.5702041	0.57112724	0.04093553	0.1455771	1.2150912	0.054788917	0.28783312	0.9694977	0.07250839	0.17511067	3.4369144	0.29382238	0.66890526	1.5277609	0.116605185	0.20238207	1.6223675	0.15057532	0.5880739	1.2938147	0.10324828	0.18496294
binning_output.065	0.5205131	0.038531195	0.30424112	0	0	0	0	0	0	0	0	0	0	0	0	0	0	0	4.4405503	0.31827635	0.8714829	5.162894	0.23279679	0.8916941	2.4348798	0.18210377	0.7485017	0.49835622	0.042604554	0.3033854	7.3448544	0.56059045	0.96320707	1.666717	0.15469149	0.6799008	1.1605811	0.09261605	0.42851555
binning_output.066	3.3962097	0.2514058	0.44327277	0	0	0	0	0	0	4.454105	0.369483	0.5388098	0	0	0	2.8316863	0.22252649	0.46744615	1.0618007	0.076104544	0.25996956	2.0379462	0.09189175	0.3516939	2.6692958	0.19963568	0.35825965	2.0143313	0.17220552	0.40892786	1.3864884	0.10582267	0.31967753	1.1279321	0.10468574	0.4353742	3.5473776	0.28308585	0.36585307
binning_output.067	4.7236347	0.34966898	0.6339637	0	0	0	0	0	0	2.2306097	0.18503657	0.49827915	0	0	0	1.7118232	0.13452268	0.46179584	1.3451916	0.09641658	0.22066694	1.3747894	0.061989766	0.25056592	1.9059868	0.14254807	0.24313036	3.7965343	0.32456636	0.6028912	0.9523139	0.07268463	0.22117607	1.8706666	0.17362048	0.5804297	2.159167	0.17230466	0.22679326
binning_output.068	1.7575883	0.1301062	0.68509126	0	0	0	0	0	0	0	0	0	0	0	0	0	0	0	3.4806874	0.24947818	0.6965621	3.3997717	0.15329698	0.66008246	5.4613132	0.40844968	0.9307766	0.64165825	0.054855466	0.35592917	5.7680144	0.4402393	0.9299692	1.3194734	0.12246308	0.5782621	1.8660096	0.14891027	0.6177559
binning_output.069	0	0	0	0	0	0	0	0	0	4.023211	0.3337389	0.30412653	0	0	0	14.590167	1.1465603	0.9524855	0	0	0	1.5953848	0.071936496	0.2617983	0	0	0	0	0	0	0	0	0	0.33684358	0.031263154	0.1446328	0	0	0
binning_output.070	0.5337418	0.03951045	0.22982125	1.8108534	0.21595414	0.13022168	3.970858	0.2873292	0.32656378	0	0	0	1.2835733	0.06688946	0.15962547	0	0	0	4.6193404	0.33109114	0.6164894	2.0212584	0.09113929	0.4682669	2.2162955	0.16575596	0.5382347	0.38177896	0.032638345	0.19161542	2.4561312	0.18746234	0.51695055	0.8326953	0.07728419	0.33264497	1.6145971	0.12884718	0.43833908
binning_output.071	9.245651	0.68441314	0.90539676	0	0	0	0	0	0	3.6755233	0.304897	0.7943895	0	0	0	1.4859852	0.11677533	0.56253356	0	0	0	0.7806878	0.0352015	0.16327992	0	0	0	3.3318994	0.28484464	0.8177871	0	0	0	1.7994198	0.16700791	0.650837	0	0	0
binning_output.072	2.2811	0.16885935	0.7330615	0	0	0	0	0	0	0	0	0	0	0	0	0	0	0	4.040424	0.28959727	0.80449307	8.072437	0.36398917	0.92529875	1.3310426	0.099548206	0.46874177	0.67014635	0.057290923	0.3712779	3.7767472	0.28825736	0.8564373	1.6560279	0.15369941	0.65320104	0.8741195	0.069756	0.31053397
binning_output.073	0.22748867	0.016839942	0.118981	0	0	0	0	0	0	0	0	0	0	0	0	0	0	0	4.5858874	0.32869336	0.839321	2.9725723	0.1340344	0.7616308	6.120413	0.4577435	0.90232754	0.4011719	0.03429625	0.24207148	4.0250573	0.30720943	0.87125087	0.5301238	0.04920189	0.3061427	0.2878172	0.022968229	0.13252954
binning_output.074	1.5408437	0.11406158	0.31325987	0	0	0	0	0	0	2.717647	0.22543795	0.43046707	2.266446	0.11810883	0.115190655	2.0097454	0.15793473	0.33802807	1.5916913	0.11408444	0.23922132	4.501059	0.20295443	0.5926953	1.0753176	0.08042262	0.24688049	1.0459944	0.08942223	0.2440092	1.2714552	0.09704284	0.25499398	0.8978397	0.08333037	0.33148667	0.7640254	0.060970332	0.20658691
binning_output.075	1.5898525	0.117689475	0.6261216	0	0	0	0	0	0	0	0	0	0	0	0	0	0	0	2.6757972	0.1917877	0.600631	2.5726786	0.11600303	0.5521707	4.851541	0.362845	0.88890094	0.52914697	0.045236863	0.2990594	5.253337	0.40095693	0.89658386	1.1862589	0.11009916	0.53602606	1.727693	0.13787238	0.5770933
binning_output.076	0	0	0	0	0	0	18.287	1.3232379	0.98512036	0	0	0	1.2601601	0.06566935	0.51020277	0	0	0	0	0	0	0	0	0	0	0	0	0	0	0	0	0	0	0	0	0	0	0	0
binning_output.077	0	0	0	0	0	0	0	0	0	5.731771	0.47546968	0.802219	0	0	0	5.952613	0.46778283	0.8346879	0	0	0	4.3145113	0.19454293	0.71879375	0	0	0	0.44470155	0.038017612	0.14390808	0	0	0	0	0	0	0	0	0
binning_output.078	0	0	0	0	0	0	13.504096	0.97714937	0.914668	0	0	0	1.396536	0.07277616	0.33123383	0	0	0	0.6770332	0.04852634	0.14865239	0	0	0	0	0	0	0	0	0	0	0	0	0	0	0	0	0	0
binning_output.079	0	0	0	0	0	0	0	0	0	2.066677	0.17143781	0.35979676	0	0	0	6.065514	0.47665507	0.9127057	0	0	0	6.877732	0.31011948	0.8470996	0	0	0	0	0	0	0	0	0	0	0	0	0	0	0
binning_output.080	0	0	0	0	0	0	0	0	0	1.3449126	0.11156502	0.5249494	0	0	0	14.727753	1.1573724	0.95599294	0	0	0	0.7538399	0.033990923	0.30619368	0	0	0	0	0	0	0	0	0	0	0	0	0	0	0
binning_output.081	6.1581173	0.45585716	0.77757424	0	0	0	0	0	0	1.1411995	0.09466633	0.4608811	0	0	0	0.90798986	0.07135388	0.3929138	0.46421784	0.033272803	0.103618264	0.28529805	0.012864196	0.10552254	1.0322235	0.07719962	0.14715946	5.794438	0.4953674	0.7574237	0.677443	0.051705323	0.14195547	0.79755074	0.07402235	0.3974245	1.2074243	0.0963542	0.14784639
binning_output.082	0	0	0	0	0	0	16.358282	1.1836768	0.9932793	0	0	0	1.124714	0.058610998	0.49592856	0	0	0	0	0	0	0	0	0	0	0	0	0	0	0	0	0	0	0	0	0	0	0	0
binning_output.083	0	0	0	0	0	0	0	0	0	2.8450408	0.2360057	0.28498402	0	0	0	9.505193	0.7469603	0.610908	0	0	0	3.5205433	0.1587426	0.30509076	0	0	0	0	0	0	0	0	0	0	0	0	0	0	0
binning_output.084	0.4541419	0.03361804	0.13932733	0	0	0	0.5433124	0.0393138	0.13835965	0	0	0	1.2174256	0.06344237	0.11175507	0	0	0	4.457268	0.3194746	0.8300315	2.9146078	0.13142075	0.4719118	1.8926245	0.14154871	0.5717108	0	0	0	0.8638671	0.065933995	0.3744636	0.43458015	0.04033429	0.22124355	1.7889713	0.1427625	0.5622541
binning_output.085	0	0	0	0	0	0	13.992236	1.0124708	0.98215646	0	0	0	1.8784013	0.097887084	0.6018697	0	0	0	0	0	0	0	0	0	0	0	0	0	0	0	0	0	0	0	0	0	0	0	0
binning_output.086	0	0	0	0	0	0	14.172663	1.0255265	0.96238565	0	0	0	0.37716898	0.019654997	0.14883637	0	0	0	0	0	0	0	0	0	0	0	0	0	0	0	0	0	0	0	0	0	0	0	0
binning_output.087	0.4929334	0.0364896	0.28101116	0	0	0	0.30581075	0.022128306	0.11636561	0	0	0	0	0	0	0	0	0	4.5421085	0.32555553	0.75943977	2.3414958	0.105578914	0.6048413	2.6072757	0.1949972	0.6773077	0.7503705	0.0641493	0.3646695	3.0707092	0.23436955	0.75163245	1.3807278	0.12814823	0.550095	1.7391156	0.13878393	0.4084643
binning_output.088	0	0	0	0	0	0	9.675486	0.7001131	0.8786675	0	0	0	3.170166	0.1652034	0.63981605	0	0	0	0	0	0	0	0	0	0	0	0	0	0	0	0	0	0	0	0	0	0	0	0
binning_output.089	0	0	0	10.503573	1.2526084	0.69306195	0	0	0	0	0	0	0	0	0	0	0	0	0.55809003	0.040001087	0.122779734	0.52440554	0.02364564	0.11444598	0.72318953	0.054087088	0.1447548	0	0	0	0.71491534	0.054565366	0.15254664	0.21862365	0.020290917	0.101783484	0.6400067	0.05107346	0.11858471
binning_output.090	0	0	0	0	0	0	0	0	0	1.7132705	0.14212155	0.66594017	0	0	0	3.6338139	0.28556126	0.8402861	0	0	0	8.925984	0.40247595	0.90921414	0	0	0	0.37580153	0.032127332	0.20319277	0	0	0	0.20692334	0.019204987	0.12412276	0	0	0
binning_output.091	0	0	0	0	0	0	0	0	0	5.2588677	0.43624076	0.78799015	0	0	0	1.7947341	0.1410382	0.5622924	0	0	0	9.130419	0.411694	0.89995253	0	0	0	0	0	0	0	0	0	0.33569902	0.031156924	0.18754584	0	0	0
binning_output.092	0	0	0	0	0	0	0.48488244	0.035085842	0.19752304	0	0	0	14.85407	0.77407396	0.87298065	0	0	0	0	0	0	0	0	0	0	0	0	0	0	0	0	0	0	0	0	0	0	0	0
binning_output.093	0	0	0	0	0	0	0	0	0	0	0	0	16.096066	0.83879673	0.9713729	0	0	0	0	0	0	0	0	0	0	0	0	0	0	0	0	0	0	0	0	0	0	0	0
binning_output.094	1.4580591	0.10793342	0.29520327	0	0	0	0	0	0	4.454687	0.3695313	0.7426369	0	0	0	2.7303486	0.21456294	0.49619406	0	0	0	3.8477383	0.17349595	0.5203969	0	0	0	0.961547	0.082202815	0.29989603	0	0	0	0.65302265	0.06060839	0.28172606	0	0	0
binning_output.095	0	0	0	0	0	0	0	0	0	0	0	0	0	0	0	14.252376	1.1200151	0.9918809	0	0	0	0.7010461	0.031610433	0.31228423	0	0	0	0	0	0	0	0	0	0	0	0	0	0	0
binning_output.096	0	0	0	0	0	0	0	0	0	9.457723	0.7845499	0.7269235	0	0	0	0	0	0	0	0	0	0	0	0	0.865262	0.06471263	0.17479533	0	0	0	0.71996623	0.054950874	0.16742721	0	0	0	1.1271912	0.08995148	0.17974095
binning_output.097	0	0	0	0	0	0	0	0	0	5.491916	0.4555729	0.8669836	0	0	0	1.4293556	0.112325124	0.48519167	0	0	0	7.2183633	0.32547867	0.86195034	0	0	0	0.23546076	0.020129578	0.10438084	0	0	0	0.27461916	0.025487976	0.14678247	0	0	0
binning_output.098	0.38820514	0.028737044	0.21687767	0	0	0	0	0	0	4.0614514	0.33691105	0.85941875	0	0	0	0.6902475	0.05424272	0.37887833	0	0	0	4.811238	0.2169405	0.8473421	0	0	0	0.6693676	0.05722435	0.36144426	0	0	0	2.8845596	0.267722	0.77393246	0	0	0
binning_output.099	0	0	0	0	0	0	12.496919	0.9042705	0.9524693	0	0	0	0.5814031	0.030298026	0.32637206	0	0	0	0	0	0	0	0	0	0	0	0	0	0	0	0	0	0	0	0	0	0	0	0
binning_output.100	0.22882079	0.016938552	0.13931745	0	0	0	0	0	0	0	0	0	0	0	0	0	0	0	1.2442254	0.08917982	0.47160712	2.6880603	0.121205635	0.69311786	1.2561013	0.093943365	0.5380147	0.24316332	0.020788072	0.14912692	2.1909301	0.16722107	0.70371026	1.7694873	0.16422981	0.6458791	3.0275896	0.24160603	0.77846557
binning_output.101	0	0	0	8.135595	0.9702141	0.6996781	0	0	0	0	0	0	0	0	0	0	0	0	1.1432552	0.08194279	0.2302998	0.79857725	0.036008142	0.19995661	0.53462076	0.039984096	0.17315887	0	0	0	0.6359203	0.048536133	0.19321454	0.31306106	0.029055849	0.13242888	0	0	0
binning_output.102	3.5651402	0.26391098	0.8011064	0	0	0	0	0	0	4.7155185	0.39116812	0.8287672	0	0	0	1.6608679	0.13051839	0.6140269	0	0	0	3.3939986	0.15303665	0.63681185	0	0	0	1.077452	0.09211154	0.48229688	0	0	0	0.5974433	0.055449955	0.3172574	0	0	0
binning_output.103	0.5551883	0.04109804	0.1242911	0	0	0	0	0	0	2.1379008	0.17734607	0.39326853	0	0	0	1.1563498	0.0908711	0.42571065	0	0	0	6.163772	0.27792677	0.6996372	1.277977	0.09557944	0.17171264	0.337208	0.028827967	0.1807126	0.33627436	0.025665883	0.12897602	0.6256419	0.058067128	0.2743228	0.5419024	0.0432446	0.16479975
binning_output.104	0	0	0	0	0	0	0	0	0	3.6721559	0.30461767	0.6423129	0	0	0	1.2130126	0.09532393	0.48910472	0	0	0	7.3387566	0.33090726	0.8935285	0	0	0	0	0	0	0	0	0	0.26401296	0.024503594	0.1580939	0	0	0
binning_output.105	0	0	0	0	0	0	0	0	0	0	0	0	0	0	0	11.682733	0.91808105	0.95565814	0	0	0	0.8105596	0.036548436	0.33382356	0	0	0	0	0	0	0	0	0	0	0	0	0	0	0
binning_output.106	0	0	0	0	0	0	0	0	0	0	0	0	0	0	0	10.134713	0.7964308	0.97774684	0	0	0	0.6887781	0.031057259	0.300675	0	0	0	0.22403444	0.01915274	0.120025635	0	0	0	0	0	0	0	0	0
binning_output.107	3.5730135	0.26449376	0.71511525	0	0	0	0	0	0	2.5068169	0.20794888	0.6557727	0	0	0	1.0924863	0.08585243	0.4426672	0	0	0	2.3392193	0.105476275	0.32447848	0	0	0	2.1351414	0.18253359	0.6173537	0	0	0	0.90086645	0.083611295	0.419629	0	0	0
binning_output.108	0.31276995	0.023152923	0.18922667	0	0	0	0	0	0	0	0	0	0	0	0	0	0	0	2.249853	0.16125815	0.65958244	2.7150164	0.1224211	0.7288057	1.5424266	0.115357526	0.5937222	0.17515402	0.014973946	0.11546483	1.5302101	0.11679211	0.6335948	0.770854	0.071544565	0.4083967	2.0344188	0.16234955	0.67575794
binning_output.109	4.085591	0.30243754	0.81978637	0	0	0	0	0	0	1.5836524	0.13136928	0.59404683	0	0	0	1.2346616	0.0970252	0.4996283	0	0	0	1.0957128	0.049406096	0.341697	0	0	0	3.001286	0.2565804	0.7784454	0	0	0	1.0287007	0.09547585	0.48705426	0	0	0
binning_output.110	0.23790242	0.017610824	0.12913531	2.6263957	0.313212	0.24288383	1.3548299	0.09803479	0.19234519	0	0	0	2.657028	0.1384628	0.23384598	0	0	0	1.6748661	0.12004598	0.35468265	1.4099185	0.06357375	0.323987	0.7861737	0.058797646	0.26650465	0.18083312	0.015459453	0	0.9416603	0.071871504	0.29884404	0.41621667	0.038629938	0.18203983	0.3680664	0.02937223	0.16002098
binning_output.111	0.284309	0.02104609	0.12640816	1.0597599	0.12638214	0.10316875	0.51658803	0.03738004	0.17220339	0	0	0	2.3338013	0.121618845	0.40466368	0	0	0	1.5662454	0.1122606	0.40505496	1.8323406	0.08262092	0.34257007	0.5438202	0.040672116	0.24520035	0	0	0	0.7112474	0.05428541	0.27849686	0.29646382	0.027515426	0.170563	0.6746268	0.0538362	0.2752709
binning_output.112	0	0	0	0	0	0	0	0	0	1.9291639	0.16003063	0.5824919	0	0	0	6.962019	0.5471064	0.91085863	0	0	0	2.577196	0.11620672	0.4692543	0	0	0	0	0	0	0	0	0	0	0	0	0	0	0
binning_output.113	0.38241935	0.02830875	0.14061072	0.6590977	0.078600995	0.2500924	0	0	0	5.4860373	0.45508522	0.63009423	0	0	0	0	0	0	0.87433165	0.062667705	0.19831026	1.4741287	0.06646901	0.34018907	0.52087337	0.03895593	0.17034231	0	0	0	1.6216255	0.12376933	0.2952385	0.37800795	0.035083707	0.15848893	0.34693488	0.027685905	0.12192169
binning_output.114	0	0	0	0	0	0	7.7106495	0.55793864	0.88801575	0	0	0	2.4575758	0.12806897	0.64496243	0	0	0	0.56198305	0.04028012	0.16625966	0	0	0	0	0	0	0	0	0	0	0	0	0	0	0	0	0	0
binning_output.115	0	0	0	0	0	0	0	0	0	3.246419	0.26930138	0.65176815	1.0952302	0.057074543	0.12552701	2.0861008	0.16393508	0.50999033	0	0	0	4.3920918	0.19804104	0.67370147	0	0	0	0	0	0	0	0	0	0.27825505	0.025825432	0.12872297	0	0	0
binning_output.116	0	0	0	0	0	0	0	0	0	0.33412147	0.027716499	0.15133025	0	0	0	9.465587	0.7438479	0.9542563	0	0	0	0.75820136	0.03418758	0.31794474	0	0	0	0.4723867	0.040384416	0.2385808	0	0	0	0	0	0	0	0	0
binning_output.117	1.0834265	0.08020108	0.49222416	0	0	0	0	0	0	0	0	0	0	0	0	0	0	0	0.89143103	0.063893296	0.30369693	0.74253577	0.033481214	0.24913642	3.3899689	0.25353456	0.807807	0.31001237	0.026503008	0.18531552	4.054615	0.30946538	0.8416969	0.93345606	0.08663601	0.42946264	1.3102355	0.104558684	0.49044657
binning_output.118	0	0	0	0	0	0	0	0	0	0.41192564	0.034170616	0.22672991	0	0	0	5.1256804	0.40279874	0.77511126	0	0	0	4.5576487	0.20550607	0.80541164	0	0	0	0	0	0	0	0	0	0	0	0	0	0	0
binning_output.119	0	0	0	0	0	0	0	0	0	6.6628637	0.55270696	0.7693605	0	0	0	3.0513368	0.23978762	0.30326682	0	0	0	0	0	0	0	0	0	0	0	0	0	0	0	0	0	0	0	0	0
binning_output.120	0.33455446	0.02476553	0.19757494	0	0	0	0	0	0	0	0	0	0	0	0	0	0	0	4.5570107	0.32662365	0.7088851	0.79313874	0.035762925	0.29153177	1.4549013	0.10881155	0.4691824	0.18700609	0.015987182	0.121109106	1.3251415	0.10114042	0.46882775	0.70921737	0.06582394	0.3236949	2.4382713	0.19457757	0.5781126
binning_output.121	0.40932456	0.030300418	0.19859791	0.6039318	0.07202216	0.21864983	0	0	0	4.17497	0.3463278	0.48008886	0	0	0	0	0	0	1.0675534	0.07651686	0.3028141	1.0339552	0.046621427	0.32539973	0.61449975	0.045958217	0.24087414	0	0	0	2.4456208	0.18666013	0.4318262	0.48155853	0.044694453	0.2341445	0.470167	0.037520006	0.20758368
binning_output.122	0.2615204	0.019359155	0.15255737	0	0	0	0	0	0	0	0	0	0	0	0	0	0	0	5.5994496	0.4013404	0.75899094	0.9736239	0.043901064	0.33561793	1.2135943	0.090764284	0.4384427	0.17431524	0.014902239	0.10802151	1.0491875	0.08007844	0.39640442	0.48322386	0.044849012	0.24062699	1.6974831	0.1354616	0.4986932
binning_output.123	0.57228446	0.042363595	0.2806691	0.3278684	0.039100092	0.11519104	0	0	0	1.7822255	0.14784159	0.25160563	0	0	0	0	0	0	1.710051	0.122567855	0.4623802	1.4608982	0.06587244	0.4593078	0.79337645	0.05933634	0.32749262	0.1739049	0.014867158	0.10411879	3.528337	0.26929763	0.6021325	0.6870326	0.06376493	0.3192074	0.63993925	0.05106808	0.28191155
binning_output.124	0.34919178	0.025849063	0.20186575	0	0	0	0	0	0	0	0	0	0	0	0	0	0	0	4.220792	0.30252516	0.669123	0.9621366	0.0433831	0.34573406	1.2607265	0.09428928	0.393872	0.20440567	0.017474674	0.12570317	1.4313359	0.10924561	0.47908217	0.89183223	0.082772814	0.3636203	2.0999637	0.16758013	0.4660918
binning_output.125	0.28977168	0.021450466	0.17076549	0	0	0	0	0	0	0	0	0	0	0	0	0	0	0	2.0761948	0.1488112	0.6232458	2.4901686	0.11228263	0.67547154	1.4812171	0.110779695	0.5691067	0.1846572	0.015786376	0.11555626	1.4506301	0.11071823	0.6085207	0.75272745	0.06986221	0.39977413	1.8634677	0.1487074	0.65952593
binning_output.126	0	0	0	8.795808	1.048948	0.8154477	0	0	0	0	0	0	0	0	0	0	0	0	0	0	0	0	0	0	0	0	0	0	0	0	0	0	0	0	0	0	0	0	0
binning_output.127	0.15321347	0.01134169	0.104628384	0	0	0	0	0	0	0	0	0	0	0	0	0	0	0	0.47111797	0.03376737	0.2864595	0	0	0	4.6915607	0.35088012	0.90022826	0.2918051	0.024946464	0.18853357	1.897627	0.14483494	0.69181126	0.89633965	0.08319115	0.4116476	2.6829367	0.21410224	0.8215355
binning_output.128	0.96166295	0.07118749	0.44845256	0	0	0	0	0	0	0	0	0	0	0	0	0	0	0	1.6793097	0.12036449	0.4949	3.5061655	0.1580943	0.74486065	0.69703573	0.052131053	0.33094132	0.39146987	0.033466823	0.23574342	2.9247336	0.22322805	0.7809284	1.1373014	0.105555326	0.51706654	0.40717995	0.03249355	0.19912489
binning_output.129	0.19281672	0.014273336	0.11970629	0	0	0	1.1584046	0.08382156	0.25653103	0	0	0	1.6865517	0.08788943	0.23512115	0	0	0	2.6999662	0.19352001	0.6067643	2.580765	0.11636766	0.5633294	1.086174	0.08123457	0.40740907	0.26459154	0.022619976	0.16076614	0.80237055	0.061240323	0.3560893	0.28006253	0.025993187	0.15529941	0.422156	0.03368866	0.20387636
binning_output.130	0	0	0	0	0	0	0	0	0	0.9605382	0.07967988	0.43707773	0	0	0	3.3106337	0.26016432	0.78033227	0	0	0	4.5423408	0.20481583	0.84740627	0	0	0	0	0	0	0	0	0	0	0	0	0	0	0
binning_output.131	0.72629625	0.05376438	0.33672476	0	0	0	0	0	0	0	0	0	0	0	0	0	0	0	2.0129156	0.14427568	0.5559087	1.1907506	0.053691387	0.40726104	0.8606514	0.06436781	0.37428406	0.22449458	0.019192077	0.12284572	3.9259775	0.29964724	0.7241417	0.793382	0.07363544	0.38375345	0.95627576	0.076312184	0.39385492
binning_output.132	0	0	0	0	0	0	1.9762485	0.1430003	0.23173645	1.0386561	0.08616001	0.1246269	1.991571	0.10378457	0.27122504	0	0	0	0.8898762	0.06378185	0.2134096	1.9727824	0.0889535	0.31802905	0.53430116	0.03996019	0.18842192	0	0	0	0.72067416	0.055004906	0.19892535	0.25903168	0.02404127	0.12880595	0.34509826	0.027539339	0.1239823
binning_output.133	0.9472922	0.070123695	0.45327702	0	0	0	0	0	0	0	0	0	0	0	0	0	0	0	1.5370945	0.11017121	0.48572424	3.1302369	0.14114355	0.7308859	0.69934386	0.052303676	0.33487636	0.37233105	0.031830642	0.22319211	2.9453332	0.22480032	0.7779862	1.0858979	0.10078445	0.502965	0.41533005	0.033143938	0.21048322
binning_output.134	0	0	0	0	0	0	8.02729	0.58085054	0.86766917	0	0	0	1.088119	0.05670396	0.30758283	0	0	0	0.44544193	0.031927038	0.148154	0	0	0	0	0	0	0	0	0	0	0	0	0	0	0	0	0	0
binning_output.135	0	0	0	0	0	0	0	0	0	0.25577554	0.021217441	0.12892681	0	0	0	9.361036	0.7356319	0.96340233	0	0	0	0.6532312	0.02945444	0.29887006	0	0	0	0.3640845	0.031125646	0.19466533	0	0	0	0	0	0	0	0	0
binning_output.136	0	0	0	0.6174729	0.073637	0.14513253	0	0	0	0	0	0	7.562857	0.39411494	0.71998525	0	0	0	0	0	0	0	0	0	0	0	0	0	0	0	0	0	0	0	0	0	0	0	0
binning_output.137	0	0	0	0	0	0	0	0	0	0.24889676	0.020646824	0.13486283	0	0	0	8.697882	0.68351823	0.9651461	0	0	0	0.6413897	0.028920501	0.29425666	0	0	0	0.43177876	0.036912836	0.22730955	0	0	0	0	0	0	0	0	0
binning_output.138	0.9928856	0.07349876	0.46706367	0	0	0	0	0	0	0	0	0	0	0	0	0	0	0	1.0665888	0.076447725	0.3677242	0.8770339	0.039545786	0.3078067	2.9793124	0.2228217	0.7824058	0.32585895	0.027857736	0.19111362	3.5754304	0.272892	0.8208116	0.8290526	0.0769461	0.41376257	1.1157088	0.08903517	0.4323752
binning_output.139	0	0	0	0	0	0	0	0	0	0	0	0	0	0	0	0	0	0	0.21232806	0.015218609	0.13162445	0	0	0	6.1567945	0.46046448	0.97315615	0.24624325	0.021051377	0.16104099	1.1998768	0.09157968	0.5672894	0.34161508	0.03170601	0.2200371	1.4290413	0.11403956	0.63816255
binning_output.140	0	0	0	0	0	0	0	0	0	1.1096936	0.092052825	0.22977476	2.2116618	0.11525392	0.20291981	1.6617461	0.1305874	0.28651956	0	0	0	3.0508344	0.13756326	0.37878683	0	0	0	0	0	0	0	0	0	0	0	0	0	0	0
binning_output.141	2.3323636	0.17265417	0.71513665	0	0	0	0	0	0	1.2220892	0.10137641	0.49993396	0	0	0	0.48204157	0.03788097	0.15072992	0	0	0	0	0	0	0	0	0	4.9168444	0.42034182	0.8250357	0	0	0	0.700222	0.06498907	0.3805	0	0	0
binning_output.142	0	0	0	0	0	0	0	0	0	5.6559925	0.4691836	0.86471933	0	0	0	2.4139676	0.1897003	0.7304577	0	0	0	3.1575975	0.14237724	0.7479736	0	0	0	0	0	0	0	0	0	0	0	0	0	0	0
binning_output.143	0.9233371	0.068350405	0.44339472	0	0	0	0	0	0	0	0	0	0	0	0	0	0	0	0.71379477	0.051161222	0.28050214	0.56744325	0.025586225	0.22952686	2.9872713	0.22341695	0.78428936	0.2646539	0.022625305	0.16284704	3.638524	0.27770758	0.8265699	0.7583977	0.070388466	0.38954142	1.2455997	0.099400654	0.46627605
binning_output.144	5.00991	0.37086067	0.9091321	0	0	0	0	0	0	0	0	0	0	0	0	0.7282364	0.05722805	0.38311666	0	0	0	0.25547895	0.011519641	0	0	0	0	2.0249825	0.17311607	0.74195546	0	0	0	1.4289237	0.1326214	0.6189394	0	0	0
binning_output.145	0.3003516	0.02223365	0.17820285	0	0	0	0.9251114	0.06694058	0.18309776	0	0	0	0	0	0	0	0	0	3.2573838	0.23347291	0.62946844	1.0303798	0.046460208	0.3501513	0.966631	0.07229399	0.35822493	0.19311035	0.016509034	0.11992698	1.2227478	0.093325295	0.44075835	0.72292984	0.06709663	0.30038902	1.0210501	0.08148128	0.32281148
binning_output.146	0.505053	0.037386753	0.25699538	0.32244128	0.038452882	0.11321075	0	0	0	1.5514582	0.12869868	0.21490113	0	0	0	0	0	0	1.1334864	0.081242606	0.3485964	1.060318	0.047810137	0.36567894	0.7774193	0.058142915	0.30871361	0.17195861	0.014700769	0	2.7324114	0.20854923	0.62462425	0.5495847	0.0510081	0.2894866	0.82041776	0.065470524	0.33971322
binning_output.147	0.9153887	0.067762025	0.3421117	0	0	0	0	0	0	0.41321683	0.034277726	0.1148805	0	0	0	0	0	0	1.4044943	0.1006671	0.3979153	0.99323845	0.044785496	0.32929167	0.6768856	0.05062403	0.28238994	0.4303595	0.036791507	0.17974085	2.4348867	0.18584087	0.5569177	0.7018209	0.06513746	0.33921424	0.8333483	0.0665024	0.33302948
binning_output.148	0	0	0	8.572046	1.0222633	0.8573533	0	0	0	0	0	0	0	0	0	0	0	0	0	0	0	0	0	0	0	0	0	0	0	0	0	0	0	0	0	0	0	0	0
binning_output.149	2.7625823	0.20450129	0.80570805	0	0	0	0	0	0	2.3898776	0.19824837	0.76937443	0	0	0	1.7586246	0.13820055	0.6782871	0	0	0	2.3508346	0.106000006	0.6997766	0	0	0	0.33041248	0.028247016	0.20458646	0	0	0	0	0	0	0	0	0
binning_output.150	0	0	0	0	0	0	3.2967694	0.2385525	0.55473226	0	0	0	4.973036	0.2591544	0.69880426	0	0	0	0.49253038	0.035302103	0.1609305	0	0	0	0.27360922	0.020463135	0.11059676	0	0	0	0	0	0	0	0	0	0	0	0
binning_output.151	2.6231012	0.19417614	0.72030246	0	0	0	0	0	0	2.0609648	0.17096397	0.66555744	0	0	0	1.1377095	0.089406274	0.48116785	0	0	0	0.9838006	0.044359937	0.2576185	0	0	0	1.7173126	0.14681333	0.6238313	0	0	0	0.6940007	0.064411655	0.37147737	0	0	0
binning_output.152	0.25869632	0.0191501	0.14758967	0.8072336	0.09626701	0.1347355	2.225392	0.16102822	0.30338582	0	0	0	0.6733489	0.0350895	0.18983828	0	0	0	2.157313	0.15462537	0.5627554	1.3694841	0.061750546	0.40877873	1.3415036	0.10033057	0.44371173	0.27005318	0.023086892	0.15526824	0.8399629	0.06410953	0.33056012	0.4140415	0.038428053	0.20339008	0.26834422	0.021414256	0.12970601
binning_output.153	0.3007495	0.022263106	0.16794914	0.9910591	0.1181892	0.15157601	0.9495307	0.06870754	0.15145871	0	0	0	0.49314052	0.025698496	0.10433197	0	0	0	1.9750916	0.14156464	0.51259863	1.3528501	0.061000515	0.40786526	1.1710436	0.08758193	0.4065824	0.25341693	0.021664655	0.1528198	1.3020709	0.09937956	0.43410936	0.6050286	0.05615397	0.27288917	0.25643456	0.020463848	0.12817368
binning_output.154	0.51161474	0.03787249	0.17874831	0	0	0	0	0	0	0	0	0	0	0	0	0	0	0	0.76890314	0.055111114	0.23459336	0	0	0	2.1803823	0.16307001	0.6472492	0	0	0	1.8608587	0.14202861	0.57151705	0.3129359	0.029044231	0.17632504	3.2799532	0.26174504	0.7178705
binning_output.155	2.9234421	0.21640898	0.74631435	0	0	0	0	0	0	2.1265764	0.17640667	0.6422476	0	0	0	1.376605	0.10817975	0.5239994	0	0	0	0.6656656	0.03001511	0.18627256	0	0	0	1.9643488	0.16793251	0.6489648	0	0	0	0.81137145	0.075305074	0.405942	0	0	0
binning_output.156	2.2226455	0.16453224	0.7087906	0	0	0	0	0	0	0.5108401	0.042375904	0.18596199	0	0	0	0.5242622	0.041198853	0.23411359	0	0	0	0	0	0	0	0	0	4.900521	0.41894633	0.8333645	0	0	0	0.7382446	0.06851802	0.38069254	0	0	0
binning_output.157	0.74132395	0.05487681	0.21094178	0	0	0	0	0	0	1.6548208	0.13727294	0.32101136	0	0	0	1.7367685	0.13648298	0.2606458	0	0	0	1.3279749	0.059878886	0.24015616	0	0	0	0.77997285	0.06668001	0.17018895	0.43828014	0.033451397	0.13489783	0.9231013	0.08567496	0.20145966	0.3077418	0.024558239	0.102622144
binning_output.158	0.4024415	0.029790899	0.13184209	0	0	0	0	0	0	5.0546255	0.4192982	0.62624246	0	0	0	0.39490697	0.031033546	0.110667005	0.49305198	0.03533949	0.13016878	0.97075444	0.04377168	0.18479227	0	0	0	0.32342264	0.027649455	0.120595254	0	0	0	0.35525283	0.032971755	0.17768879	0	0	0
binning_output.159	1.6576223	0.122706175	0.2588804	0	0	0	0	0	0	1.0086802	0.08367342	0.18891627	0	0	0	1.0039604	0.07889567	0.24680915	0	0	0	2.8088076	0.12665018	0.43235746	0	0	0	0.551281	0.047129102	0.1548116	0.6985993	0.053320054	0.17129171	0.2293772	0.021288976	0.12810229	0.47175717	0.037646905	0.13912171
binning_output.160	1.8366536	0.13595903	0.48178774	0	0	0	0	0	0	2.4234536	0.20103364	0.4980494	0	0	0	1.0872189	0.0854385	0.32886595	0.41681063	0.029874891	0.12720674	1.0154768	0.045788232	0.28594285	0.24143492	0.01805683	0.10457247	1.1200446	0.0957528	0.36989972	0.88241315	0.06734951	0.21476181	0.73881775	0.06857121	0.3216321	0.35214525	0.028101701	0.12786035
binning_output.161	0	0	0	0	0	0	1.8820097	0.13618125	0.3004841	1.6204044	0.134418	0.20944501	2.3143842	0.12060699	0.29062265	0.7131495	0.05604246	0.15046914	0	0	0	0.7695405	0.034698866	0.1317004	0	0	0	0	0	0	0	0	0	0	0	0	0	0	0
binning_output.162	1.8038789	0.13353288	0.41099513	0	0	0	0	0	0	1.2670078	0.105102554	0.37165508	0	0	0	1.9508361	0.15330538	0.38837636	0	0	0	1.6257248	0.073304534	0.30181274	0	0	0	1.1642029	0.0995279	0.35894972	0	0	0	0.5472969	0.050795767	0.24449368	0	0	0
binning_output.163	0.41304395	0.030575749	0.22843957	0	0	0	0	0	0	0	0	0	0	0	0	0	0	0	1.7378359	0.12455934	0.46125677	1.3727928	0.06189974	0.41939083	1.3934947	0.10421897	0.5061538	0.38971838	0.03331709	0.22962953	2.2302356	0.17022102	0.62673324	0.86586237	0.080362484	0.39579216	0.33623764	0.026832249	0.16527104
binning_output.164	4.511909	0.3339959	0.8854712	0	0	0	0	0	0	0	0	0	0	0	0	0.46758035	0.036744542	0.2422989	0	0	0	0	0	0	0	0	0	1.8984174	0.16229601	0.71045053	0	0	0	1.137996	0.10561977	0.53377676	0	0	0
binning_output.165	2.5474997	0.18857971	0.6554406	0	0	0	0	0	0	1.2188058	0.101104036	0.45631337	0	0	0	0.99127525	0.077898815	0.4109065	0	0	0	0.46233374	0.0208468	0.15420148	0.4045643	0.03025722	0.11923923	1.7841252	0.15252516	0.56735945	0.2652701	0.020246537	0	0.6807288	0.06317986	0.33950716	0.5002453	0.039920297	0.1270687
binning_output.166	1.7845327	0.13210076	0.56088847	0	0	0	0	0	0	1.2427644	0.10309148	0.3825898	0	0	0	1.0351348	0.0813455	0.34870386	0.8930815	0.064011596	0.24891698	0.8647622	0.03899245	0.28983214	0.28880396	0.021599546	0.12525167	1.4267176	0.12197032	0.45435706	1.2103286	0.0923774	0.26727968	0.7779146	0.07219987	0.3848808	0.48262042	0.038513806	0.16730884
binning_output.167	0	0	0	0.8822576	0.10521402	0.1440653	4.1381245	0.29943255	0.5877572	0	0	0	1.5010406	0.07822209	0.34341708	0	0	0	0.8605753	0.061681718	0.29490414	0.5929782	0.026737606	0.22144805	0.61970836	0.046347767	0.2059951	0	0	0	0.37168565	0.028368624	0.1718159	0.24439761	0.022683052	0.1314787	0	0	0
binning_output.168	1.3328251	0.09866292	0.3021128	0	0	0	0	0	0	1.1063653	0.09177672	0.29525074	0	0	0	0.7847195	0.061666753	0.19295669	0	0	0	1.3512433	0.06092806	0.24054094	0.35269266	0.026377756	0.12119472	1.0624694	0.09083068	0.28849822	0.6790839	0.05183056	0.17233178	0.5388366	0.05001055	0.2158176	0.407444	0.03251462	0.13606958
binning_output.169	1.9916035	0.14742927	0.5467919	0	0	0	0	0	0	1.6811292	0.13945532	0.47005567	0	0	0	0.7951646	0.06248757	0.3032031	0	0	0	0.4819605	0.021731779	0.14748386	0.28687796	0.021455498	0	1.3303145	0.11372881	0.4439448	0	0	0	0.73111206	0.067856036	0.32693112	0.34203738	0.027295077	0.10397362
binning_output.170	2.506506	0.18554513	0.5945416	0	0	0	0	0	0	1.6766703	0.13908543	0.50441015	0	0	0	1.2757807	0.10025652	0.423018	0.47691965	0.034183204	0.13427901	0.9619591	0.043375093	0.25347048	0	0	0	1.5554264	0.13297367	0.50882554	0	0	0	0.8693609	0.0806872	0.40903693	0.26978356	0.021529116	0.10015264
binning_output.171	0.17542359	0.012985803	0	0	0	0	0	0	0	0	0	0	0	0	0	0	0	0	1.3830532	0.09913031	0.38965872	0	0	0	2.4421852	0.18265015	0.7118825	0	0	0	1.6563298	0.1264181	0.5153975	0.19762227	0.018341735	0.12470201	2.8951766	0.23103927	0.71436065
binning_output.172	1.0708771	0.079272114	0.37502387	0	0	0	0	0	0	0.48629245	0.040339597	0.14736404	0	0	0	0.2741966	0.021547588	0	0.487752	0.03495961	0.21098536	0.9477603	0.042734865	0.34738466	0.50169766	0.037521787	0.20667115	0.4931047	0.0421556	0.19830714	2.947916	0.22499743	0.6082475	0.5907607	0.05482973	0.31496114	1.096619	0.087511785	0.39860472
binning_output.173	1.8397593	0.13618894	0.5375096	0	0	0	0	0	0	1.1529676	0.09564254	0.37319303	0	0	0	1.1176103	0.087826796	0.36043307	0.77866733	0.055810962	0.23648469	0.6642229	0.029950058	0.27143195	0.3623617	0.027100902	0.14902394	1.179927	0.10087215	0.4050151	1.5147628	0.11561311	0.30868238	0.80337745	0.07456314	0.39079624	0.4727989	0.037730034	0.19682
binning_output.174	0	0	0	0.63036704	0.07517471	0.13110904	4.3302445	0.31333423	0.62767184	0	0	0	1.3843118	0.07213913	0.36765447	0	0	0	0.87190056	0.062493455	0.24511786	0.627501	0.028294256	0.18107718	0.3785742	0.028313428	0.16204217	0	0	0	0.23460834	0.017906303	0.108126104	0	0	0	0	0	0
binning_output.175	0.38669008	0.028624892	0.18202426	0	0	0	0	0	0	0	0	0	0	0	0	0	0	0	2.1261609	0.15239252	0.52024895	1.0319449	0.046530776	0.32867518	1.3553965	0.10136961	0.4726765	0.18712339	0.015997209	0.11463324	1.851225	0.14129335	0.5577796	0.45700637	0.042415716	0.24832597	1.1829842	0.094403856	0.408244
binning_output.176	2.2834916	0.1690364	0.5643242	0	0	0	0	0	0	1.3400818	0.111164294	0.43052506	0	0	0	0.9075253	0.071317375	0.3206026	0	0	0	0.52304834	0.023584444	0.17599116	0.42026523	0.031431485	0.13019621	1.4240435	0.12174172	0.48095855	0.44030386	0.033605855	0.14354262	0.7327465	0.06800773	0.36219305	0.5383741	0.042963035	0.14123091
binning_output.177	1.850309	0.13696988	0.5064887	0	0	0	0	0	0	1.5368209	0.12748446	0.42324093	0	0	0	1.166295	0.09165265	0.36527282	0.38653472	0.027704868	0.120248996	0.8770154	0.03954495	0.26353928	0	0	0	1.3905942	0.11888213	0.44905284	0.57862085	0.04416279	0.14670633	1.249017	0.115923874	0.3909817	0.2579099	0.020581583	0.101877145
binning_output.178	0.4217329	0.03121895	0.124144584	0	0	0	0	0	0	1.3891283	0.11523287	0.44656593	0	0	0	4.168091	0.32754713	0.72938126	0	0	0	0.98490626	0.04440979	0.36377025	0	0	0	0.2988639	0.025549924	0.10574148	0	0	0	0	0	0	0	0	0
binning_output.179	1.5461452	0.11445403	0.46349323	0	0	0	0	0	0	0.8822477	0.07318541	0.32246068	0	0	0	0.7452686	0.05856652	0.274729	0.22479254	0.016112	0	0.89478964	0.0403464	0.23819537	0.36634636	0.027398912	0.12479577	1.4070898	0.12029234	0.43281344	0.75518566	0.05763897	0.19578047	0.67122614	0.062297896	0.31726086	0.5480663	0.043736484	0.17300364
binning_output.180	0	0	0	0	0	0	0	0	0	3.7757354	0.31320995	0.5522173	0	0	0	0.5492909	0.04316572	0.22336957	0	0	0	0.68277115	0.030786406	0.26910007	0.4658087	0.034837667	0.16056903	0	0	0	0.49175572	0.03753288	0.17142494	0.23825209	0.022112673	0.10817551	0.43038982	0.03434573	0.14739971
binning_output.181	0	0	0	0	0	0	4.9772253	0.36014944	0.6600728	0	0	0	1.7248514	0.0898853	0.41832826	0	0	0	0.7204899	0.0516411	0.24586469	0.43094394	0.019431423	0.1543052	0.35105163	0.026255026	0.15074438	0	0	0	0.3367827	0.025704682	0.14063393	0	0	0	0	0	0
binning_output.182	0.43780518	0.032408707	0.16605659	0	0	0	0	0	0	3.6827335	0.30549514	0.51371646	0	0	0	3.1164863	0.24490735	0.48516053	0	0	0	0.5749709	0.025925651	0.15353677	0	0	0	0.23105732	0.019753128	0.10555047	0	0	0	0	0	0	0	0	0
binning_output.183	0.33431768	0.024748003	0.18878075	0	0	0	0	0	0	0	0	0	0	0	0	0	0	0	2.5937743	0.1859087	0.6005666	1.547342	0.069770224	0.44229114	1.1397352	0.08524039	0.43464398	0.29701024	0.025391454	0.17733492	1.3314105	0.10161889	0.47631788	0.724298	0.06722361	0.3194423	0.20711133	0.016527783	0.11262934
binning_output.184	0.24566033	0.018185107	0.14780825	0	0	0	0	0	0	0	0	0	0	0	0	0	0	0	1.1358101	0.08140917	0.3387718	0.97768337	0.04408411	0.29506937	1.8499839	0.13835964	0.6366138	0.1536414	0.013134829	0.10085805	3.3049948	0.2522512	0.78938144	0.39641455	0.036792062	0.23280096	0.49014997	0.039114676	0.22914451
binning_output.185	1.7122475	0.12674983	0.44006026	0	0	0	0	0	0	1.1295055	0.09369628	0.36041605	0	0	0	0.9726569	0.07643571	0.30465856	0.30940202	0.022176381	0.10205692	1.0326787	0.046563867	0.2102455	0.4515886	0.03377415	0.13920362	0.93102825	0.07959376	0.33696413	0.60388184	0.04609082	0.16571438	0.50987756	0.0473228	0.25765607	0.67544156	0.053901214	0.17920369
binning_output.186	0.46175075	0.03418129	0.24825642	0.6172132	0.07360604	0.11357021	0	0	0	0	0	0	0	0	0	0	0	0	1.4701152	0.10537047	0.37487888	1.3731731	0.061916888	0.35986483	1.3469158	0.100735344	0.49136266	0.42681164	0.036488198	0.2433035	2.0554025	0.15687703	0.61918545	0.86501914	0.08028423	0.39166555	0.2779001	0.02217683	0.13761346
binning_output.187	1.2682283	0.09388111	0.38050348	0	0	0	0	0	0	1.0538546	0.087420784	0.3142729	0	0	0	0.8775363	0.06896071	0.24189904	0.46122107	0.03305801	0.14665174	0.6851956	0.030895725	0.20322679	0.40439114	0.030244268	0.15043505	0.9954904	0.08510464	0.3204451	0.31718138	0.024208626	0.13468099	0.6097568	0.056592803	0.26673627	0.4504728	0.035948377	0.15524042
binning_output.188	0.4905404	0.036312453	0.14798206	0	0	0	0	0	0	3.5473213	0.29426223	0.606915	0	0	0	2.153486	0.16923052	0.58120143	0	0	0	0.6752065	0.030445311	0.15763037	0	0	0	0.41804692	0.0357389	0.124152035	0	0	0	0	0	0	0	0	0
binning_output.189	0	0	0	3.803621	0.45360258	0.75488794	0	0	0	0	0	0	0	0	0	0	0	0	0.38886973	0.027872227	0.10203966	0	0	0	0	0	0	0	0	0	0	0	0	0	0	0	0	0	0
binning_output.190	1.364549	0.10101129	0.35810378	3.101879	0.369916	0.41428542	0	0	0	1.0506182	0.08715231	0.28444338	0	0	0	0.72921383	0.057304867	0.22597592	0	0	0	0	0	0	0	0	0	0.734519	0.06279415	0.27202478	0	0	0	0.31934056	0.029638665	0.16660213	0	0	0
binning_output.191	3.969335	0.29383165	0.8197897	0	0	0	0	0	0	1.2600607	0.10452627	0.5305904	0	0	0	1.3809829	0.108523786	0.47073764	0	0	0	0.28527588	0.0128631955	0.1152552	0	0	0	1.0065178	0.086047366	0.4326722	0	0	0	0.50938267	0.04727687	0.26569003	0	0	0
binning_output.192	0.40007102	0.029615423	0.12907821	0	0	0	0	0	0	1.1028779	0.09148742	0.23120967	1.3379456	0.0697229	0.1725436	1.7887497	0.14056791	0.30378518	0.30783176	0.022063835	0	1.7602277	0.079369314	0.36500242	0.349886	0.026167847	0.123120844	0.2945515	0.025181254	0.113300584	0.60552275	0.046216063	0.15494536	0.24733269	0.022955462	0.12746717	0	0	0
binning_output.193	4.967443	0.367717	0.80443263	0	0	0	0	0	0	0	0	0	0	0	0	0.5549809	0.043612868	0.27769184	0	0	0	0	0	0	0	0	0	0.9047067	0.07734352	0.42282486	0	0	0	0.64396685	0.05976791	0.33728355	0	0	0
binning_output.194	2.0221784	0.14969258	0.537292	0	0	0	0	0	0	1.4367898	0.11918654	0.44513333	0	0	0	1.0436497	0.082014635	0.36004183	0.3036663	0.021765273	0.10135288	0.86410326	0.03896274	0.21603851	0	0	0	1.3305275	0.11374702	0.4578369	0	0	0	0.6868113	0.06374439	0.34263495	0.3111648	0.0248314	0.10143677
binning_output.195	0.9784518	0.07243029	0.26844507	0	0	0	0	0	0	1.1773151	0.09766225	0.44588912	0	0	0	0.5981342	0.047004044	0.22046703	0	0	0	3.1457553	0.14184327	0.43448275	0	0	0	0.3997265	0.034172688	0.18206805	0	0	0	0.36250624	0.03364496	0.18168193	0	0	0
binning_output.196	1.1447619	0.08474147	0.34781462	0	0	0	0	0	0	1.7556772	0.14563933	0.47517434	0	0	0	1.2815075	0.100706555	0.39386114	0	0	0	1.5850092	0.07146865	0.2915968	0.31045565	0.023218868	0	0.77950937	0.066640384	0.2972479	0	0	0	0.36090112	0.033495985	0.19573331	0.38273922	0.030543143	0.10637734
binning_output.197	0	0	0	0	0	0	0	0	0	4.265823	0.35386437	0.83956146	0	0	0	1.1758033	0.09239986	0.52639896	0	0	0	1.7806014	0.08028798	0.5852808	0	0	0	0	0	0	0	0	0	0.18137291	0.016833598	0.11379194	0	0	0
binning_output.198	1.2907959	0.09555169	0.3360866	0	0	0	0	0	0	1.980002	0.16424783	0.42750072	0	0	0	2.5233963	0.1982997	0.47879824	0	0	0	0.78080267	0.035206683	0.18051969	0	0	0	0.687933	0.058811508	0.22865883	0	0	0	0.20900278	0.019397983	0.111503206	0	0	0
binning_output.199	1.387566	0.102715135	0.34660858	0	0	0	0	0	0	1.3899134	0.115297996	0.35739538	0	0	0	1.0792841	0.084814936	0.3248025	0	0	0	1.060761	0.04783011	0.15019968	0	0	0	0.6605714	0.056472357	0.24506125	0	0	0	0.3897647	0.036174875	0.13710463	0	0	0
binning_output.200	0	0	0	0	0	0	1.5368052	0.11120242	0.3858818	0	0	0	1.7121383	0.0892228	0.32557243	0	0	0	1.7323191	0.12416393	0.4730415	1.179777	0.053196587	0.3696055	1.5401729	0.11518897	0.45972747	0.29104415	0.024881413	0.17119046	0.8300988	0.06335666	0.33426908	0.32771277	0.030415706	0.18443723	0.16610754	0.013255621	0
binning_output.201	0	0	0	0.75002706	0.08944482	0.12664314	2.4883885	0.1800585	0.47752702	0	0	0	1.2835062	0.06688596	0.3484647	0	0	0	1.6759182	0.1201214	0.4690828	0.9906688	0.04466962	0.30042222	0.8162394	0.061046254	0.3178862	0.19031923	0.016270421	0.11339618	0.63041216	0.048115727	0.25784454	0.28204295	0.026176993	0.15101835	0.27142507	0.021660114	0.14389831
binning_output.202	0	0	0	1.37469	0.16393928	0.2098825	0	0	0	2.4004996	0.1991295	0.37738726	0	0	0	0.6473891	0.050874718	0.17474617	0	0	0	0.34617984	0.015609377	0.14155217	0.28748414	0.021500835	0.12161246	0	0	0	0.5797768	0.044251025	0.1787097	0	0	0	0.30924654	0.024678322	0
binning_output.203	0	0	0	0	0	0	0	0	0	0	0	0	0	0	0	0	0	0	3.7051604	0.26556727	0.72483146	0.43263757	0.01950779	0.18815444	1.6696774	0.12487456	0.5577959	0	0	0	1.1006473	0.08400607	0.42715505	0.22320685	0.020716293	0.1378988	1.2947508	0.10332299	0.45907617
binning_output.204	1.6957854	0.12553121	0.42351907	0	0	0	0	0	0	1.0047313	0.083345845	0.32878762	0	0	0	1.0285944	0.08083153	0.29995096	0.30974218	0.022200765	0.10017018	0.93956715	0.04236543	0.19742002	0.36308086	0.027154686	0.13399234	0.92327154	0.07893063	0.32166865	0.70156646	0.053546526	0.19359732	0.5030722	0.04669118	0.25470838	0.64350367	0.051352523	0.18710068
binning_output.205	2.1878922	0.1619596	0.54828566	0	0	0	0	0	0	0.99445087	0.082493044	0.3849585	0	0	0	1.7431817	0.13698697	0.4633753	0	0	0	0.6243612	0.028152682	0.21911323	0	0	0	0.67517835	0.057721104	0.3016383	0	0	0	0.44594407	0.041388996	0.2310265	0	0	0
binning_output.206	2.1166775	0.15668792	0.559075	0	0	0	0	0	0	1.6012045	0.1328253	0.45968896	0	0	0	1.0394601	0.081685394	0.34886354	0	0	0	0.515388	0.023239037	0.16770256	0	0	0	1.40874	0.12043343	0.48911896	0	0	0	0.74412364	0.06906366	0.35772592	0	0	0
binning_output.207	0.27621183	0.020446695	0.15371495	0	0	0	0	0	0	0	0	0	0	0	0	0	0	0	0.82630277	0.05922523	0.26502272	0.81210804	0.036618255	0.24208921	1.6497753	0.1233861	0.57644093	0.16133863	0.013792865	0	3.027297	0.23105614	0.7281952	0.4518939	0.041941214	0.24304721	0.52056533	0.041541867	0.24472778
binning_output.208	0.51939017	0.038448073	0.1531408	0	0	0	0	0	0	0.85381126	0.070826516	0.26581427	0	0	0	2.147782	0.16878228	0.4113457	1.2098138	0.08671337	0.25120935	1.4627416	0.06595556	0.2577061	0.65112036	0.048697054	0.23194286	0.48299462	0.04129129	0.18698345	0.3493503	0.026663896	0.13182488	0.39962205	0.037089758	0.20966777	0.5710879	0.04557364	0.21394886
binning_output.209	1.1342793	0.08396548	0.3686937	0	0	0	0	0	0	0.90970844	0.07546337	0.33452263	0	0	0	1.1763464	0.09244253	0.2964949	0	0	0	0.7905241	0.035645027	0.21120793	0	0	0	1.868968	0.15977837	0.45161363	0	0	0	0.61167943	0.05677124	0.29645896	0	0	0
binning_output.210	0.73863834	0.054678008	0.38719946	0	0	0	0	0	0	0	0	0	0	0	0	0	0	0	0.67650145	0.048488222	0.2745838	1.16005	0.052307088	0.42896247	0.6773834	0.050661262	0.3292758	0.22157909	0.018942833	0.1469344	3.7779639	0.2883502	0.8568048	0.8534197	0.07920766	0.43351978	0.6006403	0.047931965	0.29383138
binning_output.211	0	0	0	0	0	0	0	0	0	0.98396343	0.08162308	0.23586048	4.8944526	0.25505927	0.6329161	1.0641775	0.083627805	0.28856242	0	0	0	0.68807995	0.031025782	0.2126172	0	0	0	0	0	0	0	0	0	0	0	0	0	0	0
binning_output.212	0	0	0	0	0	0	0	0	0	0	0	0	6.5295467	0.34026715	0.7853906	0	0	0	0	0	0	0	0	0	0	0	0	0	0	0	0	0	0	0	0	0	0	0	0
binning_output.213	0.7557088	0.055941653	0.20563953	0	0	0	0	0	0	1.6940813	0.14052972	0.38744888	0	0	0	1.944526	0.1528095	0.43463683	0	0	0	1.6029669	0.07227837	0.3612575	0	0	0	0.4536857	0.038785663	0.1803719	0	0	0	0.3472224	0.032226432	0.11487447	0	0	0
binning_output.214	0	0	0	0	0	0	1.3960192	0.10101522	0.17400499	0	0	0	0	0	0	6.093949	0.47888964	0.69750744	0	0	0	0	0	0	0	0	0	0	0	0	0	0	0	0	0	0	0	0	0
binning_output.215	0	0	0	6.3584156	0.75827575	0.7834747	0	0	0	0	0	0	0	0	0	0	0	0	0	0	0	0	0	0	0	0	0	0	0	0	0	0	0	0	0	0	0	0	0
binning_output.216	0.35288256	0.026122276	0	0	0	0	0	0	0	1.333344	0.11060537	0.27695587	0	0	0	2.2138367	0.17397314	0.35957038	0	0	0	2.1673946	0.097728625	0.38719293	0	0	0	0.38805455	0.033174843	0.10359422	0	0	0	0	0	0	0	0	0
binning_output.217	2.3115647	0.17111452	0.68992627	0	0	0	0	0	0	2.250799	0.18671134	0.6743867	0	0	0	0.68451035	0.05379187	0.3147069	0	0	0	0	0	0	0	0	0	1.6201404	0.13850607	0.5444477	0	0	0	0.8907418	0.082671605	0.41601604	0	0	0
binning_output.218	0.3566866	0.02640387	0.18590543	0.83140725	0.099149846	0.1464328	0.3514612	0.02543155	0.12621297	0	0	0	0	0	0	0	0	0	1.8280618	0.1310263	0.4447945	0.9626114	0.04340451	0.3202829	0.9539307	0.07134414	0.38030574	0.26131916	0.022340218	0.15366781	1.5243602	0.11634563	0.46919495	0.6511015	0.06043009	0.2937606	0.46292442	0.036942035	0.20852642
binning_output.219	0.30617234	0.022664532	0.121143654	0	0	0	0	0	0	0.6648446	0.05515109	0.1520281	0	0	0	4.7818065	0.37577564	0.65115297	0	0	0	0.9264591	0.041774385	0.34862554	0	0	0	0.2976823	0.025448907	0.12668948	0	0	0	0.19825625	0.018400578	0.10744846	0	0	0
binning_output.220	0.86279523	0.06386877	0.268755	0	0	0	0	0	0	1.9418095	0.16107962	0.40106654	0	0	0	2.3444662	0.18423858	0.41654217	0	0	0	1.1056783	0.049855445	0.21574247	0	0	0	0.6266479	0.053572234	0.19902633	0	0	0	0.25398442	0.023572825	0.124737546	0	0	0
binning_output.221	0	0	0	0	0	0	3.5489423	0.2567996	0.6245479	0	0	0	3.4612646	0.18037312	0.5863713	0	0	0	0	0	0	0	0	0	0	0	0	0	0	0	0	0	0	0	0	0	0	0	0
binning_output.222	1.3117478	0.09710267	0.3689571	0.57687974	0.06879605	0.10729466	0	0	0	1.4762088	0.122456476	0.336147	0	0	0	0.68705624	0.053991936	0.22733937	0	0	0	0.6738148	0.030382559	0.1749359	0	0	0	0.9396414	0.080330096	0.33055305	0.33195904	0.02533652	0.10161628	0.5712031	0.05301455	0.27245852	0	0	0
binning_output.223	0	0	0	0	0	0	0	0	0	1.9206777	0.15932667	0.5152559	3.26825	0.17031474	0.41466355	1.2564387	0.09873654	0.43140712	0	0	0	1.1436349	0.05156692	0.39495546	0	0	0	0	0	0	0	0	0	0	0	0	0	0	0
binning_output.224	1.4791867	0.10949739	0.39243478	0	0	0	0	0	0	1.0417686	0.086418204	0.3197214	0	0	0	1.3672297	0.107443	0.31138983	0	0	0	1.0666245	0.0480945	0.21762815	0	0	0	1.0878588	0.093001224	0.3413386	0	0	0	0.49358204	0.04581038	0.22099356	0	0	0
binning_output.225	0	0	0	7.036032	0.8390852	0.9133014	0	0	0	0	0	0	0	0	0	0	0	0	0	0	0	0	0	0	0	0	0	0	0	0	0	0	0	0	0	0	0	0	0
binning_output.226	2.8279705	0.20934169	0.7824115	0	0	0	0	0	0	0	0	0	0	0	0	0.49092472	0.038579047	0.25880784	0	0	0	0	0	0	0	0	0	3.116374	0.26641932	0.80517846	0	0	0	0.8243622	0.07651078	0.43361375	0	0	0
binning_output.227	0.31397107	0.023241838	0.12984593	0	0	0	0	0	0	0.6103328	0.050629154	0.1664415	0.929781	0.048452668	0.1365758	0.9141104	0.07183487	0.18544963	1.0422705	0.074704714	0.2244859	1.5430126	0.06957501	0.3199744	0.42403352	0.031713318	0.1797483	0.2380206	0.02034842	0.10177855	0.5243158	0.040018	0.19240567	0.3233562	0.030011363	0.15400729	0.33770645	0.026949462	0.14381318
binning_output.228	0	0	0	0	0	0	0	0	0	1.5530852	0.12883364	0.3815444	3.7324357	0.19450437	0.52335376	1.1754781	0.092374295	0.3494702	0	0	0	0.82617086	0.03725235	0.27793118	0	0	0	0	0	0	0	0	0	0	0	0	0	0	0
binning_output.229	0.5026287	0.037207294	0.204697	0	0	0	1.0000138	0.072360486	0.18051928	0	0	0	0.5395793	0.028118508	0.11048025	0.42525604	0.03341851	0	1.3133936	0.09413746	0.34320384	0.74930173	0.033786293	0.24849609	0.751278	0.056187812	0.28734705	0.30150592	0.02577579	0.14428808	0.90817845	0.06931603	0.31017953	0.43555507	0.040424775	0.21606518	0.46121562	0.03680567	0.19957466
binning_output.230	1.3761945	0.10187336	0.41149786	0	0	0	0	0	0	0.8167589	0.06775289	0.26685345	0	0	0	0.5831246	0.045824524	0.2263013	0.2967618	0.021270394	0.1089393	0.5286871	0.0238387	0.17210074	0.34071934	0.025482276	0.1316502	0.98992634	0.08462896	0.34604093	0.7947809	0.060661048	0.21512762	0.6791505	0.06303338	0.29222667	0.39911622	0.031850047	0.1495044
binning_output.231	0.9373743	0.069389515	0.29219222	0	0	0	0	0	0	1.2831837	0.1064444	0.31361538	0	0	0	1.8310878	0.14389503	0.39507532	0	0	0	1.2532458	0.056509323	0.31396064	0	0	0	0.93426585	0.079870544	0.2638751	0	0	0	0.24192798	0.02245384	0.1381192	0	0	0
binning_output.232	0	0	0	0	0	0	3.2989202	0.23870815	0.61665154	0	0	0	3.4741576	0.181045	0.59610015	0	0	0	0	0	0	0	0	0	0	0	0	0	0	0	0	0	0	0	0	0	0	0	0
binning_output.233	0	0	0	0	0	0	0	0	0	0	0	0	0	0	0	0	0	0	0	0	0	0	0	0	0.40951255	0.030627295	0.23260672	0	0	0	0	0	0	0	0	0	6.505083	0.51911503	0.9368666
binning_output.234	3.4422956	0.25481734	0.75292224	0	0	0	0	0	0	0.5367708	0.044526946	0.25562188	0	0	0	0.59724164	0.046933908	0.29079354	0	0	0	0	0	0	0	0	0	1.154966	0.09873823	0.5044095	0	0	0	0.5029894	0.0466835	0.29106337	0	0	0
binning_output.235	0.37966096	0.028104559	0.13362917	1.63723	0.19524862	0.24906056	0	0	0	1.3954983	0.11576127	0.26224667	0	0	0	0.7569608	0.059485346	0.17445962	0.37202898	0.026665168	0.123993054	0.3695624	0.016663706	0.13559942	0.5578225	0.041719344	0.18155554	0	0	0	0.4883962	0.03727647	0.16615908	0	0	0	0.560158	0.044701423	0.17081748
binning_output.236	0.68079346	0.050396014	0.17867744	0	0	0	0	0	0	1.1685143	0.09693219	0.2450372	0	0	0	1.3722216	0.10783528	0.28705323	0	0	0	2.0467005	0.09228648	0.31463224	0	0	0	0.6457324	0.055203773	0.18699132	0	0	0	0.2550311	0.02366997	0.1339744	0	0	0
binning_output.237	0.64384794	0.047661107	0.26419598	0	0	0	0.47976407	0.034715477	0.121800095	0	0	0	0	0	0	0.51555353	0.04051449	0.15831457	1.9459842	0.13947837	0.44398704	0.7034399	0.031718366	0.24858445	0.72491884	0.054216415	0.29675806	0.5586713	0.0477609	0.21412656	0.6861388	0.05236902	0.2656466	0.38886318	0.0360912	0.21263872	0.7036181	0.056149743	0.26629576
binning_output.238	0.8473223	0.06272338	0.15196407	0	0	0	0	0	0	0.3485765	0.02891559	0.112029165	3.460663	0.18034177	0.47511843	0.57988584	0.04557001	0.12749836	0	0	0	0.49226367	0.022196352	0.12607473	0	0	0	0	0	0	0	0	0	0.39977023	0.03710351	0.13935754	0	0	0
binning_output.239	0.6488911	0.04803443	0.28058946	0	0	0	0	0	0	0	0	0	0	0	0	0	0	0	1.133999	0.08127935	0.31023785	0.81851083	0.036906958	0.2629032	0.94406337	0.07060616	0.36809933	0.40216222	0.034380917	0.21085453	1.6765254	0.12795952	0.48682997	0.7366317	0.06836832	0.33798614	0.46818253	0.03736164	0.20179442
binning_output.240	0.79084414	0.05854256	0.18572594	0	0	0	0	0	0	1.4842697	0.123125166	0.31741259	0.98988163	0.051584627	0.11750047	1.433848	0.112678155	0.27640134	0	0	0	0.8520645	0.038419902	0.2174377	0	0	0	1.0243691	0.08757348	0.22967485	0	0	0	0.27072987	0.025127005	0.1439489	0	0	0
binning_output.241	0.17648423	0.0130643165	0	2.067053	0.24650736	0.31799033	0.7095857	0.051345255	0.1543188	0	0	0	0.62433	0.032535028	0.12275393	0	0	0	1.0873384	0.07793496	0.29698774	0.5972181	0.026928786	0.20453091	0.5652931	0.042278066	0.23214029	0	0	0	0.78518116	0.059928354	0.2699681	0.3307638	0.030698875	0.16640826	0.25753492	0.020551661	0.12029601
binning_output.242	1.0111613	0.07485163	0.3019094	0	0	0	0.85853386	0.062123064	0.11609186	0.91184163	0.07564033	0.2736118	0	0	0	1.0729082	0.0843139	0.2820736	0.4774054	0.03421802	0.13056555	0.729337	0.032886077	0.23936087	0.57856864	0.043270938	0.14405072	0.5497333	0.046996787	0.22008961	0.31920058	0.024362741	0.11735406	0.3385905	0.03142529	0.17817931	0.33076388	0.026395436	0.121954426
binning_output.243	0	0	0	0	0	0	0	0	0	0	0	0	7.266357	0.37866375	0.9702541	0	0	0	0	0	0	0	0	0	0	0	0	0	0	0	0	0	0	0	0	0	0	0	0
binning_output.244	0.15107892	0.011183679	0	0	0	0	0	0	0	0	0	0	0	0	0	0	0	0	1.5873964	0.113776594	0.6013569	1.0054636	0.045336727	0.4152223	0.9917876	0.07417544	0.48093858	0	0	0	1.0032558	0.07657274	0.4474282	0.37126425	0.03445781	0.22775635	2.1976125	0.17537266	0.7202694
binning_output.245	0.71625805	0.053021293	0.23482214	0	0	0	0.62796503	0.045439225	0.20173159	0.28377455	0.023540054	0.11430556	1.2725748	0.06631631	0.21800967	0.539381	0.04238696	0.21596314	0.33035034	0.023677852	0.10309336	1.6911057	0.07625258	0.2654133	0.2659643	0.019891374	0.10383594	0.4497273	0.03844726	0.19459803	0.35499874	0.027095009	0.1170683	0.40140632	0.037255358	0.20510536	0	0	0
binning_output.246	0.77239335	0.057176735	0.39174277	0	0	0	0	0	0	0	0	0	0	0	0	0	0	0	0.6792292	0.048683736	0.2661517	0.5510533	0.024847198	0.22518362	1.7845825	0.13346827	0.60830593	0.26999393	0.023081826	0.1540448	2.3519077	0.17950757	0.7022362	0.62528735	0.058034223	0.33881965	0.6802659	0.0542862	0.30288592
binning_output.247	0.71665424	0.053050622	0.37511477	0	0	0	0	0	0	0	0	0	0	0	0	0	0	0	0.73534876	0.052706104	0.29853013	1.1939331	0.05383489	0.45798442	0.51053786	0.038182944	0.25541162	0.2234402	0.01910194	0.14489022	2.8920877	0.2207364	0.79064006	0.6656787	0.061783023	0.36757055	0.49709818	0.039669156	0.2471179
binning_output.248	0.5745745	0.04253311	0.27845612	0	0	0	0	0	0	0	0	0	0	0	0	0	0	0	0.9364361	0.06711903	0.299502	0.6338165	0.02857902	0.2487581	0.57345384	0.042888407	0.26602772	0.26026002	0.022249673	0.11746805	2.6114323	0.19931558	0.6863695	0.51906425	0.048175436	0.28176785	0.9425663	0.07521815	0.41288728
binning_output.249	0	0	0	0	0	0	3.0593798	0.22137512	0.719883	0	0	0	3.4577906	0.18019208	0.48415297	0	0	0	0	0	0	0	0	0	0	0	0	0	0	0	0	0	0	0	0	0	0	0	0
binning_output.250	0	0	0	0	0	0	0	0	0	0	0	0	7.1541243	0.3728151	0.99498713	0	0	0	0	0	0	0	0	0	0	0	0	0	0	0	0	0	0	0	0	0	0	0	0
binning_output.251	0	0	0	0	0	0	0	0	0	0.35881782	0.029765144	0.14234821	2.761423	0.14390303	0.37962708	2.8946345	0.22747324	0.54874504	0	0	0	0.507896	0.022901218	0.21084118	0	0	0	0	0	0	0	0	0	0	0	0	0	0	0
binning_output.252	0	0	0	0	0	0	0	0	0	0	0	0	7.0986667	0.36992508	0.9919291	0	0	0	0	0	0	0	0	0	0	0	0	0	0	0	0	0	0	0	0	0	0	0	0
binning_output.253	0	0	0	0.8582836	0.102354996	0.13514712	2.468093	0.17858993	0.27850425	0	0	0	1.3233879	0.06896427	0.22480334	0	0	0	0	0	0	0	0	0	0	0	0	0.46176824	0.039476644	0.17339353	0	0	0	1.1141973	0.10341097	0.28014818	0	0	0
binning_output.254	0	0	0	0	0	0	0	0	0	0	0	0	6.883051	0.35868895	0.9621954	0	0	0	0	0	0	0	0	0	0	0	0	0	0	0	0	0	0	0	0	0	0	0	0
binning_output.255	1.9806117	0.1466156	0.5863101	0	0	0	0	0	0	1.1496596	0.09536813	0.40584722	0	0	0	1.0194786	0.08011517	0.35490334	0	0	0	0.5352129	0.02413295	0.1864115	0	0	0	1.4288703	0.12215436	0.5127567	0	0	0	0.7910829	0.07342206	0.3862682	0	0	0
binning_output.256	3.0191722	0.22349545	0.7677982	0	0	0	0	0	0	0.5924934	0.049149323	0.31850794	0	0	0	0.62527853	0.049137168	0.26613778	0	0	0	0.29193	0.013163232	0	0	0	0	1.1753078	0.10047725	0.5336483	0	0	0	0.77141654	0.07159678	0.39498875	0	0	0
binning_output.257	0	0	0	0	0	0	3.1876087	0.2306537	0.56174445	0	0	0	0	0	0	0	0	0	0.8983921	0.06439223	0.19633116	0.591142	0.026654813	0.1387718	0.22953427	0.017166786	0.11354673	0	0	0	0.2686991	0.020508254	0.13076384	0	0	0	0.38637507	0.030833289	0.16885197
binning_output.258	0	0	0	0	0	0	0	0	0	0	0	0	6.647063	0.34639114	0.95306426	0	0	0	0	0	0	0	0	0	0	0	0	0	0	0	0	0	0	0	0	0	0	0	0
binning_output.259	0.47345048	0.035047363	0.1538589	0	0	0	0	0	0	1.1217057	0.09304926	0.2688253	0	0	0	1.6333828	0.12835848	0.3561181	0	0	0	1.0096514	0.045525562	0.23493886	0	0	0	0.6489174	0.055476055	0.18345977	0	0	0	0.26667997	0.024751123	0.1286348	0	0	0
binning_output.260	0	0	0	0	0	0	0	0	0	0	0	0	4.9495854	0.25793236	0.7095576	0	0	0	0	0	0	0	0	0	0	0	0	0	0	0	0	0	0	0	0	0	0	0	0
binning_output.261	0.4728914	0.03500598	0.17227687	0	0	0	1.1296557	0.0817413	0.25764078	0.5771774	0.047878806	0.18356952	1.9454855	0.10138297	0.33701622	0.7837446	0.061590135	0.18813832	0	0	0	0.6090427	0.02746196	0.17314084	0	0	0	0.39152572	0.0334716	0.15048696	0	0	0	0.25985068	0.024117284	0.13391548	0	0	0
binning_output.262	0	0	0	0	0	0	0	0	0	1.44358	0.119749814	0.4291647	0	0	0	1.3222722	0.10391003	0.43268412	0	0	0	3.1269293	0.1409944	0.78202236	0	0	0	0	0	0	0	0	0	0	0	0	0	0	0
binning_output.263	1.2560651	0.092980735	0.38502094	0	0	0	0	0	0	0.728105	0.060398757	0.2831235	0	0	0	1.5687279	0.12327762	0.40735003	0	0	0	0.4133625	0.01863867	0.16369216	0	0	0	0.68809813	0.058825623	0.27039123	0.54742825	0.041782044	0.15027502	0.33580038	0.031166336	0.18416698	0.40503475	0.03232236	0.1389475
binning_output.264	0.4360095	0.03227578	0.14329325	0	0	0	0	0	0	0.78723514	0.0653038	0.23511757	0	0	0	1.9142917	0.15043356	0.389683	0	0	0	1.3894006	0.06264859	0.32944372	0	0	0	0.5086756	0.043486755	0.15705845	0.31763974	0.02424361	0.11793707	0.28734872	0.026669433	0.12957065	0.4160911	0.03320467	0.12426877
binning_output.265	0.3915528	0.028984856	0.16518489	0	0	0	0.6876156	0.049755506	0.11785079	0	0	0	0.59887993	0.031208776	0.11067005	0.5970262	0.046916977	0.1281686	0.47161898	0.03380328	0.18033762	0.6908703	0.031151596	0.22340275	1.0609647	0.07934917	0.33946496	0.32709476	0.027963387	0.1249888	0.77307564	0.05900441	0.27558804	0.43039572	0.039945923	0.19371691	0.5724803	0.045684755	0.24722537
binning_output.266	0.64141893	0.0474813	0.31553108	0	0	0	0	0	0	0	0	0	0	0	0	0	0	0	0.27608663	0.019788502	0.12564492	0.730539	0.032940276	0.27192292	1.0623149	0.079450145	0.44992042	0.2547665	0.02178003	0.14242189	3.023044	0.23073152	0.73481065	0.5520918	0.051240787	0.29795653	0.3908822	0.031192964	0.19989768
binning_output.267	1.1394923	0.08435138	0.3028426	0	0	0	0	0	0	1.153711	0.095704205	0.30046818	0	0	0	1.5747368	0.12374983	0.34986198	0	0	0	0.763969	0.034447648	0.1859492	0	0	0	1.0537235	0.090082996	0.29342356	0	0	0	0.49688062	0.046116523	0.24983841	0	0	0
binning_output.268	0.734384	0.054363076	0.2849634	0	0	0	0	0	0	0.53022593	0.043984022	0.19742891	0	0	0	0.7303695	0.05739568	0.23195024	0.6152238	0.044096153	0.24444759	1.1619766	0.05239396	0.3628121	0.32778206	0.024514703	0.1642117	0.7348431	0.06282186	0.2698932	0.50951856	0.038888615	0.23918694	0.4450278	0.04130396	0.25442514	0.8096338	0.064609945	0.30522794
binning_output.269	0.85562825	0.063338235	0.26570198	0.93970597	0.11206506	0.123148926	0	0	0	0.87647	0.07270614	0.29943955	0	0	0	2.024402	0.15908651	0.42527682	0	0	0	0.9020586	0.04067416	0.27866846	0	0	0	0.54745	0.04680159	0.21808666	0	0	0	0.2896104	0.026879344	0.15117134	0	0	0
binning_output.270	0	0	0	0	0	0	0	0	0	0	0	0	6.648674	0.34647512	0.9746183	0	0	0	0	0	0	0	0	0	0	0	0	0	0	0	0	0	0	0	0	0	0	0	0
binning_output.271	0.21755807	0.016104825	0.1364315	0	0	0	0	0	0	0	0	0	0	0	0	0	0	0	1.42864	0.10239774	0.47563103	0.25243774	0.011382512	0.10647806	1.2175857	0.0910628	0.51774377	0.295511	0.025263283	0.18404849	1.7130995	0.13075101	0.6232448	0.6455156	0.059911653	0.34780616	1.7757286	0.1417057	0.60979253
binning_output.272	2.0769525	0.15374726	0.6205527	0	0	0	0	0	0	0.6356807	0.05273185	0.2865308	0	0	0	0.69916844	0.054943763	0.29532486	0	0	0	0.44047818	0.019861324	0.12957442	0	0	0	1.4998349	0.12822114	0.53331923	0	0	0	0.52781683	0.04898778	0.29326063	0	0	0
binning_output.273	0	0	0	0	0	0	0	0	0	0	0	0	3.938425	0.20523886	0.58638036	0	0	0	0	0	0	0	0	0	0	0	0	0	0	0	0	0	0	0	0	0	0	0	0
binning_output.274	0	0	0	0	0	0	0	0	0	0	0	0	0	0	0	0	0	0	0.32508463	0.023300432	0.17058632	0	0	0	1.8602424	0.13912687	0.6890532	0	0	0	0.94893414	0.07242668	0.4636597	0.5816966	0.053988475	0.34284046	2.5039372	0.19981782	0.79713213
binning_output.275	0.57455343	0.042531554	0.16527829	1.6142589	0.19250917	0.29067552	0	0	0	0.7452091	0.061817598	0.19332668	0	0	0	0.28040242	0.02203527	0	0	0	0	0	0	0	0.6299003	0.047110014	0.25335658	0.21491888	0.01837345	0	0.569409	0.043459706	0.23873875	0	0	0	1.0724926	0.08558646	0.32409325
binning_output.276	0.18901707	0.013992066	0.117377326	0	0	0	0.24370192	0.017634144	0.14099851	0	0	0	0	0	0	0	0	0	1.2733741	0.09126905	0.5493298	0.9623243	0.043391563	0.40705404	0.8460035	0.0632723	0.43374524	0.14847906	0.012693498	0.10014794	0.8678955	0.06624146	0.4405659	0.45493937	0.04222387	0.2654292	1.4356564	0.11456745	0.5350987
binning_output.277	0	0	0	0	0	0	0	0	0	0.59736377	0.049553335	0.21885405	0	0	0	4.035336	0.31711465	0.71341074	0	0	0	0.5562316	0.02508069	0.14703357	0	0	0	0.30063927	0.025701702	0.11980523	0	0	0	0.2595896	0.024093054	0.12957463	0	0	0
binning_output.278	0	0	0	6.4161916	0.7651658	0.94471127	0	0	0	0	0	0	0	0	0	0	0	0	0	0	0	0	0	0	0	0	0	0	0	0	0	0	0	0	0	0	0	0	0
binning_output.279	1.9057182	0.14107157	0.56658703	0	0	0	0	0	0	0.16324946	0.0135420915	0	0.6589683	0.0343401	0.12381744	0.40276235	0.031650856	0.18550348	0	0	0	0	0	0	0	0	0	2.097381	0.17930545	0.58389264	0	0	0	0.73241067	0.06797656	0.35615548	0	0	0
binning_output.280	0.25127292	0.018600581	0.13188559	0	0	0	0	0	0	0	0	0	0	0	0	0	0	0	1.1870096	0.08507888	0.5053746	1.2113842	0.05462176	0.4926119	0.53913045	0.040321372	0.30365726	0	0	0	1.0682334	0.0815321	0.51317704	0.5670167	0.052626006	0.3334214	1.514647	0.12087103	0.6226726
binning_output.281	2.186815	0.16187988	0.6031621	0	0	0	0	0	0	0.8274646	0.06864097	0.35310972	0	0	0	0.51380163	0.04037682	0.21989514	0	0	0	0.37424186	0.016874705	0.13126726	0	0	0	0.68281233	0.058373738	0.32402918	0	0	0	0.39728442	0.036872797	0.23464967	0	0	0
binning_output.282	0.6342297	0.046949115	0.20439367	0	0	0	0	0	0	1.5196948	0.1260638	0.3287812	0	0	0	1.6043814	0.12607943	0.34347242	0	0	0	0.7894742	0.035597686	0.21265522	0	0	0	0.64365715	0.055026356	0.19211042	0	0	0	0.35665363	0.033101764	0.16939256	0	0	0
binning_output.283	0.19886473	0.0147210425	0	0	0	0	0	0	0	0	0	0	0	0	0	0	0	0	0.588699	0.042194985	0.23288609	0.5306024	0.02392506	0.1959498	2.2855842	0.17093801	0.68198806	0	0	0	1.2926157	0.098657906	0.55279213	0.3689356	0.034241684	0.213524	0.9839866	0.078523554	0.433757
binning_output.284	0.3779173	0.02797548	0.13538037	1.2820487	0.1528913	0.22894855	0	0	0	0.5431951	0.045059863	0.11546344	0	0	0	0	0	0	0	0	0	0.38808492	0.017498894	0.1331039	0.5884915	0.044013068	0.25866783	0	0	0	1.290114	0.09846697	0.4059866	0.47451332	0.044040572	0.23564047	0.33459863	0.026701454	0.16807112
binning_output.285	3.4905922	0.2583925	0.7221448	0	0	0	0	0	0	0.6709627	0.05565861	0.33148587	0.50569785	0.02635288	0.1103531	0.30875006	0.024262955	0.16874374	0	0	0	0.25376526	0.01144237	0.116268195	0	0	0	0.85838705	0.07338365	0.39842626	0	0	0	0.19433025	0.018036194	0.12599382	0	0	0
binning_output.286	0	0	0	0	0	0	0	0	0	0.33286068	0.027611911	0.15289228	0	0	0	5.273977	0.41445255	0.87557894	0	0	0	0	0	0	0	0	0	0	0	0	0	0	0	0	0	0	0	0	0
binning_output.287	0	0	0	1.2230637	0.14585702	0.23818976	0.85078806	0.061562583	0.19814329	0	0	0	1.1329703	0.059041254	0.22960523	0	0	0	0.8509643	0.060992848	0.2604095	0.561784	0.02533105	0.18922524	0.35852045	0.026813617	0.16434677	0	0	0	0.39054844	0.029808313	0.15877183	0.24059485	0.022330109	0.110857196	0.2314379	0.01846908	0.10443114
binning_output.288	0	0	0	0	0	0	0	0	0	0	0	0	6.204494	0.32332805	0.9286033	0	0	0	0	0	0	0	0	0	0	0	0	0	0	0	0	0	0	0	0	0	0	0	0
binning_output.289	0.72450584	0.05363184	0.29904988	0	0	0	0	0	0	0.7211744	0.05982384	0.271531	0	0	0	0.38277736	0.03008035	0.10143056	0.7384331	0.052927177	0.285125	0.90879864	0.040978067	0.341575	0.654449	0.048946	0.264704	0.33296117	0.028464906	0.14618659	0.6064038	0.04628331	0.2696976	0.38475525	0.035709936	0.21558657	0.3876654	0.03093626	0.10194883
binning_output.290	0.58501685	0.04330611	0.16358612	0	0	0	0	0	0	0.75594974	0.062708564	0.2652594	0	0	0	2.5407581	0.19966407	0.49731773	0	0	0	0.65360886	0.029471468	0.16803047	0	0	0	0.4898804	0.041879956	0.1660361	0	0	0	0.3905084	0.0362439	0.18695007	0	0	0
binning_output.291	0	0	0	0	0	0	6.263636	0.45323348	0.9687479	0	0	0	0	0	0	0	0	0	0	0	0	0	0	0	0	0	0	0	0	0	0	0	0	0	0	0	0	0	0
binning_output.292	0	0	0	0	0	0	6.466434	0.46790782	0.9922071	0	0	0	0	0	0	0	0	0	0	0	0	0	0	0	0	0	0	0	0	0	0	0	0	0	0	0	0	0	0
binning_output.293	0	0	0	0	0	0	0	0	0	3.6765509	0.30498227	0.7069147	0	0	0	0	0	0	0	0	0	0	0	0	0	0	0	0	0	0	0	0	0	0.8100281	0.0751804	0.40576112	0	0	0
binning_output.294	0	0	0	0	0	0	0	0	0	0.4924545	0.04085076	0.2388831	0	0	0	4.732023	0.3718634	0.82552785	0	0	0	0.40188664	0.018121218	0.119001165	0	0	0	0	0	0	0	0	0	0	0	0	0	0	0
binning_output.295	0.7713814	0.05710182	0.24324115	0	0	0	0	0	0	0.36259794	0.03007872	0.14102031	2.788262	0.14530167	0.37846905	0.5261804	0.041349597	0.15223041	0	0	0	0.3312129	0.014934514	0.11202356	0	0	0	0.55600756	0.04753318	0.19406867	0	0	0	0.25093693	0.023289979	0.13610367	0	0	0
binning_output.296	0	0	0	0	0	0	6.2709136	0.45376006	0.99574757	0	0	0	0	0	0	0	0	0	0	0	0	0	0	0	0	0	0	0	0	0	0	0	0	0	0	0	0	0	0
binning_output.297	0	0	0	0	0	0	6.132186	0.44372177	0.97823006	0	0	0	0	0	0	0	0	0	0	0	0	0	0	0	0	0	0	0	0	0	0	0	0	0	0	0	0	0	0
binning_output.298	0	0	0	0	0	0	6.421161	0.4646319	0.9747393	0	0	0	0	0	0	0	0	0	0	0	0	0	0	0	0	0	0	0	0	0	0	0	0	0	0	0	0	0	0
binning_output.299	0	0	0	0	0	0	6.0727954	0.4394243	0.9660814	0	0	0	0	0	0	0	0	0	0	0	0	0	0	0	0	0	0	0	0	0	0	0	0	0	0	0	0	0	0
binning_output.300	0	0	0	0	0	0	6.233857	0.45107868	0.99428463	0	0	0	0	0	0	0	0	0	0	0	0	0	0	0	0	0	0	0	0	0	0	0	0	0	0	0	0	0	0
binning_output.301	0	0	0	0	0	0	6.329766	0.45801857	0.9920107	0	0	0	0	0	0	0	0	0	0	0	0	0	0	0	0	0	0	0	0	0	0	0	0	0	0	0	0	0	0
binning_output.302	1.9881328	0.14717235	0.6173462	0	0	0	0	0	0	0.5523389	0.04581837	0.26016974	0	0	0	1.3101335	0.102956116	0.44681284	0	0	0	0.36079854	0.01626854	0.14325917	0	0	0	1.0402895	0.088934526	0.44905868	0	0	0	0.33868352	0.031433925	0.20754632	0	0	0
binning_output.303	0	0	0	0	0	0	6.2362022	0.45124832	0.98843837	0	0	0	0	0	0	0	0	0	0	0	0	0	0	0	0	0	0	0	0	0	0	0	0	0	0	0	0	0	0
binning_output.304	0	0	0	0	0	0	6.133959	0.44385004	0.994056	0	0	0	0	0	0	0	0	0	0	0	0	0	0	0	0	0	0	0	0	0	0	0	0	0	0	0	0	0	0
binning_output.305	0	0	0	0	0	0	6.2747374	0.45403674	0.99420714	0	0	0	0	0	0	0	0	0	0	0	0	0	0	0	0	0	0	0	0	0	0	0	0	0	0	0	0	0	0
binning_output.306	0	0	0	0	0	0	6.2210364	0.45015097	0.99246234	0	0	0	0	0	0	0	0	0	0	0	0	0	0	0	0	0	0	0	0	0	0	0	0	0	0	0	0	0	0
binning_output.307	0	0	0	0	0	0	5.9043465	0.42723542	0.9773354	0	0	0	0	0	0	0	0	0	0	0	0	0	0	0	0	0	0	0	0	0	0	0	0	0	0	0	0	0	0
binning_output.308	0	0	0	0	0	0	6.0648546	0.43884972	0.99578303	0	0	0	0	0	0	0	0	0	0	0	0	0	0	0	0	0	0	0	0	0	0	0	0	0	0	0	0	0	0
binning_output.309	0.6567659	0.048617363	0.20514038	0	0	0	0.4982127	0.036050413	0	0.4289254	0.035580803	0.16626771	1.4578613	0.07597194	0.24816096	0.9210901	0.07238337	0.23680985	0	0	0	0.46586072	0.021005834	0.15333134	0	0	0	0.58632004	0.0501246	0.19653864	0	0	0	0.2091085	0.019407796	0.115948565	0	0	0
binning_output.310	0	0	0	0.9493579	0.1132161	0.20245032	1.6157882	0.1169176	0.33301866	0	0	0	0.8566969	0.04464411	0.24026354	0	0	0	0.53636414	0.038443886	0.18906239	0.3973132	0.017915001	0.15637478	0.41387078	0.030953245	0.16365865	0	0	0	0.34587145	0.026398376	0.14665338	0.19927774	0.018495383	0.11073188	0.28257328	0.022549756	0.12754194
binning_output.311	0	0	0	0	0	0	5.996314	0.43389016	0.9951418	0	0	0	0	0	0	0	0	0	0	0	0	0	0	0	0	0	0	0	0	0	0	0	0	0	0	0	0	0	0
binning_output.312	0	0	0	0	0	0	1.4174768	0.10256788	0.44877303	0	0	0	1.4628825	0.0762336	0.49698725	0	0	0	0.9256512	0.06634603	0.33302277	0.4395293	0.019818539	0.17953718	0.61009985	0.045629147	0.2488556	0	0	0	0.37376297	0.028527172	0.19699681	0	0	0	0.29578206	0.023603836	0.17008406
binning_output.313	0.7499556	0.055515774	0.2570988	0	0	0	0	0	0	0.51432514	0.042664997	0.21241245	0.61109114	0.03184513	0.110003695	1.8406655	0.14464767	0.45241165	0	0	0	0.5724299	0.025811076	0.20589443	0	0	0	1.0340884	0.08840438	0.29312786	0	0	0	0.21493258	0.019948341	0.12614892	0	0	0
binning_output.314	0	0	0	3.2157812	0.38349944	0.693963	0.7655354	0.055393744	0.11120708	0	0	0	0	0	0	0	0	0	0	0	0	0	0	0	0	0	0	0	0	0	0	0	0	0	0	0	0	0	0
binning_output.315	0	0	0	3.9446247	0.470418	0.92578256	0	0	0	0	0	0	0	0	0	0	0	0	0	0	0	0	0	0	0	0	0	0	0	0	0	0	0	0	0	0	0	0	0
